Fecha,√çndice COLCAP
2008-01-15,980.21
2008-01-16,958.99
2008-01-17,928.38
2008-01-18,903.49
2008-01-21,832.37
2008-01-22,879.67
2008-01-23,890.89
2008-01-24,933.79
2008-01-25,939.61
2008-01-28,930.97
2008-01-29,946.51
2008-01-30,936.55
2008-01-31,937.33
2008-02-01,938.16
2008-02-04,945.18
2008-02-05,920.47
2008-02-06,900.89
2008-02-07,891.3
2008-02-08,906.03
2008-02-11,920.78
2008-02-12,915.74
2008-02-13,918.85
2008-02-14,928.67
2008-02-15,929.63
2008-02-18,944.25
2008-02-19,945.4
2008-02-20,941.38
2008-02-21,944.38
2008-02-22,940.05
2008-02-25,938.49
2008-02-26,938.58
2008-02-27,935.15
2008-02-28,931.03
2008-02-29,914.9
2008-03-03,896.73
2008-03-04,859.79
2008-03-05,897.61
2008-03-06,889.83
2008-03-07,900.79
2008-03-10,907.83
2008-03-11,911.72
2008-03-12,914.89
2008-03-13,912.74
2008-03-14,902.13
2008-03-17,890.57
2008-03-18,899.67
2008-03-19,902.56
2008-03-25,895.08
2008-03-26,891.73
2008-03-27,887.89
2008-03-28,890.03
2008-03-31,889.28
2008-04-01,913.73
2008-04-02,919.3
2008-04-03,923.04
2008-04-04,922
2008-04-07,928.32
2008-04-08,930.57
2008-04-09,936.53
2008-04-10,922.05
2008-04-11,917.73
2008-04-14,917.57
2008-04-15,931.61
2008-04-16,936.55
2008-04-17,934.66
2008-04-18,952.82
2008-04-21,953.25
2008-04-22,950.97
2008-04-23,942.21
2008-04-24,949.52
2008-04-25,953.07
2008-04-28,962.4
2008-04-29,969.11
2008-04-30,985.95
2008-05-02,1012.31
2008-05-06,1032.08
2008-05-07,1010.96
2008-05-08,1001.24
2008-05-09,1008.49
2008-05-12,1010.27
2008-05-13,1015.63
2008-05-14,1027.74
2008-05-15,1024.58
2008-05-16,1016.11
2008-05-19,1016.1
2008-05-20,1009.48
2008-05-21,1015.6
2008-05-22,1008.67
2008-05-23,1003.07
2008-05-27,999.5
2008-05-28,1000.23
2008-05-29,1010.15
2008-05-30,1019.78
2008-06-03,1004.8
2008-06-04,1015.92
2008-06-05,1015.36
2008-06-06,1013.73
2008-06-09,1004.28
2008-06-10,990.5
2008-06-11,989.39
2008-06-12,990.29
2008-06-13,991.85
2008-06-16,991.66
2008-06-17,979.84
2008-06-18,972.13
2008-06-19,941.47
2008-06-20,959.27
2008-06-23,959.13
2008-06-24,956.22
2008-06-25,956.14
2008-06-26,942.99
2008-06-27,945.31
2008-07-01,924.7
2008-07-02,924.47
2008-07-03,938.44
2008-07-04,943.76
2008-07-07,936.94
2008-07-08,925.66
2008-07-09,932.35
2008-07-10,929.81
2008-07-11,917.54
2008-07-14,915.4
2008-07-15,901.61
2008-07-16,900
2008-07-17,909.83
2008-07-18,911.32
2008-07-21,919.19
2008-07-22,917.09
2008-07-23,922.51
2008-07-24,926.07
2008-07-25,932.59
2008-07-28,921.94
2008-07-29,923.17
2008-07-30,935.39
2008-07-31,944.87
2008-08-01,943.23
2008-08-04,935.98
2008-08-05,937
2008-08-06,931.61
2008-08-08,937.26
2008-08-11,937.96
2008-08-12,934.12
2008-08-13,939.69
2008-08-14,938.25
2008-08-15,944.9
2008-08-19,941.02
2008-08-20,948.72
2008-08-21,955.5
2008-08-22,955.72
2008-08-25,950.33
2008-08-26,952.62
2008-08-27,956.43
2008-08-28,978.39
2008-08-29,992.25
2008-09-01,1025.1
2008-09-02,1022.45
2008-09-03,1017.24
2008-09-04,1005.96
2008-09-05,998.95
2008-09-08,1010.74
2008-09-09,1010.52
2008-09-10,1012.76
2008-09-11,1025.82
2008-09-12,1023.76
2008-09-15,1003.92
2008-09-16,967.46
2008-09-17,950.39
2008-09-18,949.69
2008-09-19,985.09
2008-09-22,983.04
2008-09-23,963.83
2008-09-24,976.22
2008-09-25,989.68
2008-09-26,983.87
2008-09-29,960.91
2008-09-30,973.53
2008-10-01,975.83
2008-10-02,965.86
2008-10-03,966.14
2008-10-06,921.9
2008-10-07,915.05
2008-10-08,888.02
2008-10-09,868.42
2008-10-10,794.28
2008-10-14,866.75
2008-10-15,815.07
2008-10-16,782.85
2008-10-17,805
2008-10-20,811.15
2008-10-21,808.09
2008-10-22,766.03
2008-10-23,739.72
2008-10-24,706.58
2008-10-27,686.65
2008-10-28,714.55
2008-10-29,750.92
2008-10-30,778.19
2008-10-31,788.73
2008-11-04,803.11
2008-11-05,778.69
2008-11-06,744.27
2008-11-07,774.58
2008-11-10,774.07
2008-11-11,767.34
2008-11-12,754.76
2008-11-13,751.1
2008-11-14,776.94
2008-11-18,758.96
2008-11-19,758.74
2008-11-20,751.77
2008-11-21,746.14
2008-11-24,770.49
2008-11-25,774.57
2008-11-26,791.4
2008-11-27,803.86
2008-11-28,803.11
2008-12-01,789.27
2008-12-02,796.58
2008-12-03,816.16
2008-12-04,821.92
2008-12-05,816.87
2008-12-09,840.76
2008-12-10,859.49
2008-12-11,865.83
2008-12-12,861.74
2008-12-15,867.99
2008-12-16,866.41
2008-12-17,865.11
2008-12-18,856.54
2008-12-19,854.92
2008-12-22,856.97
2008-12-23,856.19
2008-12-24,851.17
2008-12-26,850.4
2008-12-29,845.09
2008-12-30,851.35
2009-01-02,861.17
2009-01-05,862.25
2009-01-06,882.45
2009-01-07,870.55
2009-01-08,873.31
2009-01-09,873.09
2009-01-13,871.84
2009-01-14,855.91
2009-01-15,844.78
2009-01-16,846.51
2009-01-19,849.06
2009-01-20,837.39
2009-01-21,832.92
2009-01-22,831.82
2009-01-23,833.91
2009-01-26,845.42
2009-01-27,849.95
2009-01-28,865.44
2009-01-29,862.4
2009-01-30,869.8
2009-02-02,861.6
2009-02-03,865.77
2009-02-04,871.25
2009-02-05,872.46
2009-02-06,884.27
2009-02-09,886.37
2009-02-10,879.72
2009-02-11,874.27
2009-02-12,865.27
2009-02-13,879.41
2009-02-16,875.43
2009-02-17,857.65
2009-02-18,848.07
2009-02-19,849.2
2009-02-20,834.24
2009-02-23,831.19
2009-02-24,825.17
2009-02-25,833.07
2009-02-26,845.42
2009-02-27,852.16
2009-03-02,831.95
2009-03-03,836.43
2009-03-04,847.72
2009-03-05,836.56
2009-03-06,839.26
2009-03-09,837.87
2009-03-10,849.64
2009-03-11,844.1
2009-03-12,849.28
2009-03-13,853.48
2009-03-16,860.68
2009-03-17,858.04
2009-03-18,861.29
2009-03-19,870.05
2009-03-20,865.59
2009-03-24,876.42
2009-03-25,876.51
2009-03-26,874.55
2009-03-27,873.16
2009-03-30,862.14
2009-03-31,874.21
2009-04-01,878.12
2009-04-02,891.09
2009-04-03,887.26
2009-04-06,886.41
2009-04-07,887.58
2009-04-08,882.87
2009-04-13,879.78
2009-04-14,884.57
2009-04-15,888.74
2009-04-16,889.61
2009-04-17,885
2009-04-20,878.58
2009-04-21,880.4
2009-04-22,881.55
2009-04-23,891.19
2009-04-24,914.93
2009-04-27,912.5
2009-04-28,918.25
2009-04-29,933.82
2009-04-30,931.93
2009-05-04,947.85
2009-05-05,953.11
2009-05-06,960.78
2009-05-07,973.07
2009-05-08,1004.96
2009-05-11,996.84
2009-05-12,1003.38
2009-05-13,989
2009-05-14,1001.37
2009-05-15,1001.45
2009-05-18,1012.19
2009-05-19,1022.41
2009-05-20,1024.78
2009-05-21,1007.56
2009-05-22,1008.43
2009-05-26,1016.43
2009-05-27,1012.49
2009-05-28,1024.05
2009-05-29,1031.53
2009-06-01,1054.15
2009-06-02,1049.71
2009-06-03,1042.32
2009-06-04,1052.39
2009-06-05,1052.93
2009-06-08,1048.86
2009-06-09,1051.36
2009-06-10,1056.77
2009-06-11,1074.78
2009-06-12,1076.81
2009-06-16,1066.41
2009-06-17,1072.41
2009-06-18,1079.22
2009-06-19,1090.73
2009-06-23,1089.32
2009-06-24,1090.37
2009-06-25,1098.87
2009-06-26,1094.95
2009-06-30,1102.73
2009-07-01,1119.35
2009-07-02,1119.53
2009-07-03,1116.98
2009-07-06,1110.83
2009-07-07,1113.67
2009-07-08,1103.93
2009-07-09,1085.58
2009-07-10,1083.01
2009-07-13,1082.69
2009-07-14,1089.24
2009-07-15,1090.85
2009-07-16,1092.88
2009-07-17,1104.86
2009-07-21,1113.97
2009-07-22,1120.17
2009-07-23,1141.9
2009-07-24,1146.58
2009-07-27,1143.37
2009-07-28,1126.75
2009-07-29,1122.62
2009-07-30,1147.57
2009-07-31,1156.22
2009-08-03,1165.42
2009-08-04,1168.2
2009-08-05,1162.95
2009-08-06,1169.26
2009-08-10,1174.71
2009-08-11,1162.53
2009-08-12,1171.32
2009-08-13,1179.38
2009-08-14,1180.48
2009-08-18,1176.17
2009-08-19,1181.11
2009-08-20,1192.34
2009-08-21,1202.28
2009-08-24,1229.85
2009-08-25,1227.18
2009-08-26,1218.39
2009-08-27,1210.09
2009-08-28,1214.38
2009-08-31,1209.09
2009-09-01,1178.87
2009-09-02,1182.83
2009-09-03,1173.66
2009-09-04,1192.55
2009-09-07,1200.04
2009-09-08,1219.62
2009-09-09,1219.9
2009-09-10,1218.36
2009-09-11,1216.22
2009-09-14,1212.53
2009-09-15,1244.75
2009-09-16,1248.69
2009-09-17,1245.88
2009-09-18,1269.97
2009-09-21,1266.91
2009-09-22,1276.57
2009-09-23,1288.14
2009-09-24,1290.81
2009-09-25,1305.32
2009-09-28,1331.9
2009-09-29,1321.32
2009-09-30,1328.93
2009-10-01,1315.15
2009-10-02,1318.92
2009-10-05,1335.49
2009-10-06,1356.57
2009-10-07,1355.56
2009-10-08,1346.83
2009-10-09,1333.44
2009-10-13,1303.03
2009-10-14,1294.39
2009-10-15,1294.11
2009-10-16,1301.69
2009-10-19,1330.8
2009-10-20,1315.97
2009-10-21,1317.07
2009-10-22,1308.64
2009-10-23,1303.29
2009-10-26,1288.81
2009-10-27,1277.91
2009-10-28,1279.22
2009-10-29,1289.97
2009-10-30,1257.17
2009-11-03,1240.95
2009-11-04,1262.5
2009-11-05,1280.4
2009-11-06,1279.75
2009-11-09,1303
2009-11-10,1304.06
2009-11-11,1303.86
2009-11-12,1308.45
2009-11-13,1311.43
2009-11-17,1314.81
2009-11-18,1299.42
2009-11-19,1301.12
2009-11-20,1301.85
2009-11-23,1305.65
2009-11-24,1312.26
2009-11-25,1327.17
2009-11-26,1316.16
2009-11-27,1328.31
2009-11-30,1318.05
2009-12-01,1335.21
2009-12-02,1337.22
2009-12-03,1356.57
2009-12-04,1353.58
2009-12-07,1358.31
2009-12-09,1357.77
2009-12-10,1351.02
2009-12-11,1366.34
2009-12-14,1366.46
2009-12-15,1368.48
2009-12-16,1379.58
2009-12-17,1382.63
2009-12-18,1370.34
2009-12-21,1369.56
2009-12-22,1365.23
2009-12-23,1364.13
2009-12-24,1372.72
2009-12-28,1365.06
2009-12-29,1366.35
2009-12-30,1366.85
2010-01-04,1374.28
2010-01-05,1373.23
2010-01-06,1373.89
2010-01-07,1368.91
2010-01-08,1374.72
2010-01-12,1369.53
2010-01-13,1379.91
2010-01-14,1386.91
2010-01-15,1382.66
2010-01-18,1382.07
2010-01-19,1386.01
2010-01-20,1381.8
2010-01-21,1355.28
2010-01-22,1364.33
2010-01-25,1345.31
2010-01-26,1357.8
2010-01-27,1355.8
2010-01-28,1353.57
2010-01-29,1363.67
2010-02-01,1358.49
2010-02-02,1363.85
2010-02-03,1359.43
2010-02-04,1334.8
2010-02-05,1326.08
2010-02-08,1327.03
2010-02-09,1345.54
2010-02-10,1353.7
2010-02-11,1358.21
2010-02-12,1355.84
2010-02-15,1357.59
2010-02-16,1364.53
2010-02-17,1366.11
2010-02-18,1359.64
2010-02-19,1372.51
2010-02-22,1372.84
2010-02-23,1379.75
2010-02-24,1398.47
2010-02-25,1385.85
2010-02-26,1391.02
2010-03-01,1392.91
2010-03-02,1391.36
2010-03-03,1401.53
2010-03-04,1398.81
2010-03-05,1399.63
2010-03-08,1408.35
2010-03-09,1403.17
2010-03-10,1403.82
2010-03-11,1405.26
2010-03-12,1406.49
2010-03-15,1404.42
2010-03-16,1411.71
2010-03-17,1429.4
2010-03-18,1432.3
2010-03-19,1414.1
2010-03-23,1426.74
2010-03-24,1422.69
2010-03-25,1427.24
2010-03-26,1423.02
2010-03-29,1429.29
2010-03-30,1430.71
2010-03-31,1440.58
2010-04-05,1450.93
2010-04-06,1460.3
2010-04-07,1472.19
2010-04-08,1472.76
2010-04-09,1468.95
2010-04-12,1470.7
2010-04-13,1470.91
2010-04-14,1478.47
2010-04-15,1481.14
2010-04-16,1463.27
2010-04-19,1453.14
2010-04-20,1467.76
2010-04-21,1475.06
2010-04-22,1478.51
2010-04-23,1488.05
2010-04-26,1484.44
2010-04-27,1472.11
2010-04-28,1457.28
2010-04-29,1469.22
2010-04-30,1467.26
2010-05-03,1490.16
2010-05-04,1481.63
2010-05-05,1446.55
2010-05-06,1403.06
2010-05-07,1412.8
2010-05-10,1438.18
2010-05-11,1442.63
2010-05-12,1451.06
2010-05-13,1454.93
2010-05-14,1444.27
2010-05-18,1424.49
2010-05-19,1406.37
2010-05-20,1395.99
2010-05-21,1397.39
2010-05-24,1410.93
2010-05-25,1399.25
2010-05-26,1432.82
2010-05-27,1428.47
2010-05-28,1446.48
2010-05-31,1444.54
2010-06-01,1447.26
2010-06-02,1451.91
2010-06-03,1453.36
2010-06-04,1438.3
2010-06-08,1433.27
2010-06-09,1445.53
2010-06-10,1446.34
2010-06-11,1448.08
2010-06-15,1450.71
2010-06-16,1461.39
2010-06-17,1460.56
2010-06-18,1472.41
2010-06-21,1466.78
2010-06-22,1467.67
2010-06-23,1471.95
2010-06-24,1468.73
2010-06-25,1475.04
2010-06-28,1472.02
2010-06-29,1453.6
2010-06-30,1466.78
2010-07-01,1459.01
2010-07-02,1455.04
2010-07-06,1463.82
2010-07-07,1462.81
2010-07-08,1474.59
2010-07-09,1478.49
2010-07-12,1496.79
2010-07-13,1507.16
2010-07-14,1521.17
2010-07-15,1532.45
2010-07-16,1526.67
2010-07-19,1528.75
2010-07-21,1565.5
2010-07-22,1566.33
2010-07-23,1569.86
2010-07-26,1596.49
2010-07-27,1602.61
2010-07-28,1591.33
2010-07-29,1562.05
2010-07-30,1571.62
2010-08-02,1575.01
2010-08-03,1586.92
2010-08-04,1595.44
2010-08-05,1601.01
2010-08-06,1580.41
2010-08-09,1582.51
2010-08-10,1577.34
2010-08-11,1558.12
2010-08-12,1557.42
2010-08-13,1567.78
2010-08-17,1575.02
2010-08-18,1581.48
2010-08-19,1586.73
2010-08-20,1585.6
2010-08-23,1606.82
2010-08-24,1605.58
2010-08-25,1602.95
2010-08-26,1616.93
2010-08-27,1639.89
2010-08-30,1642.91
2010-08-31,1664.18
2010-09-01,1713.81
2010-09-02,1681.03
2010-09-03,1687.24
2010-09-06,1719.62
2010-09-07,1715.27
2010-09-08,1735.68
2010-09-09,1730.15
2010-09-10,1699.91
2010-09-13,1695.47
2010-09-14,1703.11
2010-09-15,1693.44
2010-09-16,1691.32
2010-09-17,1691.24
2010-09-20,1709.46
2010-09-21,1716.15
2010-09-22,1707.34
2010-09-23,1693.47
2010-09-24,1697.26
2010-09-27,1711.46
2010-09-28,1744.84
2010-09-29,1766.22
2010-09-30,1769.5
2010-10-01,1766.79
2010-10-04,1766.42
2010-10-05,1794.73
2010-10-06,1825.05
2010-10-07,1808.89
2010-10-08,1826.38
2010-10-11,1845.91
2010-10-12,1842.54
2010-10-13,1873.5
2010-10-14,1855.43
2010-10-15,1833.59
2010-10-19,1857.75
2010-10-20,1860.52
2010-10-21,1877.98
2010-10-22,1906.66
2010-10-25,1900.1
2010-10-26,1870.75
2010-10-27,1862.84
2010-10-28,1871.21
2010-10-29,1901.83
2010-11-02,1913.88
2010-11-03,1923.28
2010-11-04,1942.37
2010-11-05,1940.38
2010-11-08,1939.96
2010-11-09,1938.49
2010-11-10,1889.62
2010-11-11,1841.69
2010-11-12,1795.09
2010-11-16,1729.16
2010-11-17,1786.89
2010-11-18,1814.13
2010-11-19,1778.83
2010-11-22,1775.45
2010-11-23,1750.36
2010-11-24,1790.15
2010-11-25,1784.8
2010-11-26,1770.59
2010-11-29,1762.11
2010-11-30,1779.94
2010-12-01,1793.55
2010-12-02,1825.55
2010-12-03,1830.26
2010-12-06,1840.29
2010-12-07,1837.18
2010-12-09,1826.7
2010-12-10,1830.86
2010-12-13,1841.24
2010-12-14,1845.71
2010-12-15,1823.61
2010-12-16,1826.74
2010-12-17,1823.1
2010-12-20,1815.55
2010-12-21,1824.82
2010-12-22,1839.59
2010-12-23,1846.5
2010-12-24,1853.24
2010-12-27,1866.12
2010-12-28,1849.51
2010-12-29,1839.72
2010-12-30,1823.7
2011-01-03,1795.4
2011-01-04,1786.16
2011-01-05,1798.9
2011-01-06,1769.77
2011-01-07,1760.5
2011-01-11,1756.71
2011-01-12,1785.15
2011-01-13,1798.43
2011-01-14,1797.66
2011-01-17,1796.87
2011-01-18,1792.91
2011-01-19,1766.43
2011-01-20,1739.88
2011-01-21,1762.48
2011-01-24,1759.56
2011-01-25,1758.52
2011-01-26,1768.81
2011-01-27,1771.51
2011-01-28,1760.54
2011-01-31,1774.89
2011-02-01,1763.98
2011-02-02,1752.42
2011-02-03,1740.59
2011-02-04,1718.06
2011-02-07,1688.2
2011-02-08,1693.72
2011-02-09,1706.28
2011-02-10,1684.94
2011-02-11,1695.93
2011-02-14,1703.89
2011-02-15,1696.37
2011-02-16,1689.95
2011-02-17,1666.93
2011-02-18,1644.66
2011-02-21,1658.33
2011-02-22,1661.43
2011-02-23,1698.63
2011-02-24,1699.17
2011-02-25,1713.4
2011-02-28,1750.97
2011-03-01,1762.02
2011-03-02,1760.13
2011-03-03,1782.06
2011-03-04,1788.14
2011-03-07,1778.92
2011-03-08,1757.98
2011-03-09,1765.67
2011-03-10,1728.54
2011-03-11,1699.01
2011-03-14,1685.54
2011-03-15,1645.96
2011-03-16,1638.58
2011-03-17,1708.98
2011-03-18,1739.16
2011-03-22,1740.98
2011-03-23,1743.02
2011-03-24,1742.05
2011-03-25,1727.79
2011-03-28,1721.7
2011-03-29,1708.76
2011-03-30,1703.93
2011-03-31,1718.45
2011-04-01,1708.59
2011-04-04,1707.14
2011-04-05,1719.39
2011-04-06,1724.42
2011-04-07,1723.94
2011-04-08,1708.66
2011-04-11,1703.1
2011-04-12,1676.58
2011-04-13,1682.54
2011-04-14,1670.12
2011-04-15,1670.18
2011-04-18,1653.76
2011-04-19,1661.23
2011-04-20,1691.73
2011-04-25,1689.11
2011-04-26,1697.39
2011-04-27,1690.59
2011-04-28,1697.39
2011-04-29,1700.68
2011-05-02,1692.14
2011-05-03,1671.95
2011-05-04,1675.38
2011-05-05,1643.3
2011-05-06,1652.88
2011-05-09,1670.42
2011-05-10,1692.77
2011-05-11,1697.55
2011-05-12,1703.03
2011-05-13,1706.76
2011-05-16,1700.03
2011-05-17,1713.15
2011-05-18,1710.67
2011-05-19,1706.13
2011-05-20,1710.5
2011-05-23,1709.07
2011-05-24,1721.44
2011-05-25,1717.92
2011-05-26,1733.2
2011-05-27,1732.02
2011-05-30,1737.87
2011-05-31,1760.4
2011-06-01,1753.64
2011-06-02,1752.74
2011-06-03,1753.31
2011-06-07,1750.15
2011-06-08,1755.85
2011-06-09,1753.2
2011-06-10,1751.77
2011-06-13,1730
2011-06-14,1729.69
2011-06-15,1701.98
2011-06-16,1701.45
2011-06-17,1702.44
2011-06-20,1697
2011-06-21,1709.27
2011-06-22,1721.61
2011-06-23,1712.98
2011-06-24,1710.15
2011-06-28,1711.42
2011-06-29,1718.91
2011-06-30,1700.43
2011-07-01,1707.03
2011-07-05,1716.02
2011-07-06,1677.4
2011-07-07,1673.86
2011-07-08,1656.36
2011-07-11,1612.67
2011-07-12,1597.89
2011-07-13,1610.84
2011-07-14,1585.16
2011-07-15,1584.07
2011-07-18,1589.3
2011-07-19,1628.2
2011-07-21,1644.74
2011-07-22,1645.71
2011-07-25,1655.68
2011-07-26,1664.25
2011-07-27,1652.59
2011-07-28,1671.32
2011-07-29,1659.39
2011-08-01,1669.63
2011-08-02,1658.98
2011-08-03,1651.57
2011-08-04,1601.41
2011-08-05,1588.1
2011-08-08,1535.48
2011-08-09,1578.06
2011-08-10,1582.2
2011-08-11,1600.32
2011-08-12,1611.13
2011-08-16,1620.63
2011-08-17,1624.14
2011-08-18,1581.3
2011-08-19,1573.1
2011-08-22,1572.63
2011-08-23,1594.98
2011-08-24,1606.58
2011-08-25,1597.83
2011-08-26,1598.55
2011-08-29,1621.76
2011-08-30,1642.79
2011-08-31,1642.53
2011-09-01,1642.9
2011-09-02,1642.54
2011-09-05,1610.98
2011-09-06,1634.33
2011-09-07,1646.88
2011-09-08,1645.06
2011-09-09,1631.87
2011-09-12,1629.9
2011-09-13,1634.16
2011-09-14,1640.37
2011-09-15,1659.03
2011-09-16,1684.37
2011-09-19,1680.37
2011-09-20,1676.51
2011-09-21,1656.33
2011-09-22,1607.91
2011-09-23,1593.69
2011-09-26,1584.3
2011-09-27,1593.65
2011-09-28,1586.55
2011-09-29,1602.97
2011-09-30,1584.75
2011-10-03,1550.95
2011-10-04,1567.69
2011-10-05,1578.7
2011-10-06,1589.68
2011-10-07,1583.86
2011-10-10,1602.25
2011-10-11,1596.7
2011-10-12,1610.92
2011-10-13,1612.34
2011-10-14,1618.42
2011-10-18,1627.69
2011-10-19,1615.59
2011-10-20,1619.15
2011-10-21,1627.27
2011-10-24,1634.43
2011-10-25,1620.98
2011-10-26,1623.33
2011-10-27,1639.95
2011-10-28,1636.5
2011-10-31,1622.23
2011-11-01,1597.17
2011-11-02,1595.2
2011-11-03,1609.71
2011-11-04,1600.14
2011-11-08,1606.91
2011-11-09,1581.37
2011-11-10,1573.5
2011-11-11,1582.14
2011-11-15,1579.39
2011-11-16,1571.96
2011-11-17,1570.15
2011-11-18,1562.55
2011-11-21,1545.32
2011-11-22,1544.24
2011-11-23,1496.65
2011-11-24,1492.3
2011-11-25,1482.59
2011-11-28,1512.95
2011-11-29,1525.05
2011-11-30,1561.07
2011-12-01,1575.56
2011-12-02,1586.85
2011-12-05,1574.81
2011-12-06,1544.21
2011-12-07,1576.49
2011-12-09,1577.86
2011-12-12,1572.06
2011-12-13,1568.09
2011-12-14,1546.37
2011-12-15,1541.9
2011-12-16,1571.89
2011-12-19,1561.06
2011-12-20,1579.47
2011-12-21,1586.41
2011-12-22,1599.74
2011-12-23,1600.4
2011-12-26,1592.11
2011-12-27,1584.91
2011-12-28,1589.38
2011-12-29,1571.55
2012-01-02,1577.71
2012-01-03,1601.87
2012-01-04,1606.48
2012-01-05,1606.09
2012-01-06,1599.69
2012-01-10,1618.88
2012-01-11,1609.94
2012-01-12,1585.81
2012-01-13,1592.82
2012-01-16,1578.22
2012-01-17,1597.95
2012-01-18,1613.67
2012-01-19,1606.49
2012-01-20,1607.26
2012-01-23,1609.92
2012-01-24,1605.29
2012-01-25,1602.73
2012-01-26,1601.27
2012-01-27,1595.77
2012-01-30,1614.01
2012-01-31,1633.62
2012-02-01,1634
2012-02-02,1642.73
2012-02-03,1643.43
2012-02-06,1642.15
2012-02-07,1649.71
2012-02-08,1655.43
2012-02-09,1658.67
2012-02-10,1657.28
2012-02-13,1669.47
2012-02-14,1674.22
2012-02-15,1677.16
2012-02-16,1705.02
2012-02-17,1710.76
2012-02-20,1714.26
2012-02-21,1700.22
2012-02-22,1703.29
2012-02-23,1720.51
2012-02-24,1718.51
2012-02-27,1706.7
2012-02-28,1698.81
2012-02-29,1730.46
2012-03-01,1740.64
2012-03-02,1739.94
2012-03-05,1735.25
2012-03-06,1707.85
2012-03-07,1712.59
2012-03-08,1724.74
2012-03-09,1724.62
2012-03-12,1718.86
2012-03-13,1747.23
2012-03-14,1740.55
2012-03-15,1739.08
2012-03-16,1705
2012-03-20,1713.25
2012-03-21,1714.28
2012-03-22,1706.08
2012-03-23,1732.23
2012-03-26,1747.8
2012-03-27,1736.81
2012-03-28,1737.36
2012-03-29,1751.47
2012-03-30,1743.63
2012-04-02,1741.76
2012-04-03,1741.87
2012-04-04,1742.9
2012-04-09,1744.02
2012-04-10,1739.48
2012-04-11,1755.43
2012-04-12,1756.27
2012-04-13,1748.7
2012-04-16,1761.03
2012-04-17,1765.55
2012-04-18,1762.93
2012-04-19,1750.7
2012-04-20,1754.56
2012-04-23,1746.29
2012-04-24,1736.95
2012-04-25,1749.43
2012-04-26,1759.62
2012-04-27,1769.49
2012-04-30,1785.66
2012-05-02,1814.12
2012-05-03,1812.08
2012-05-04,1799.25
2012-05-07,1802.34
2012-05-08,1796.45
2012-05-09,1793.63
2012-05-10,1779.53
2012-05-11,1775.8
2012-05-14,1740.03
2012-05-15,1733.67
2012-05-16,1737.27
2012-05-17,1707.1
2012-05-18,1715.45
2012-05-22,1732.77
2012-05-23,1727.34
2012-05-24,1720.08
2012-05-25,1713.33
2012-05-28,1701.09
2012-05-29,1712.03
2012-05-30,1693.06
2012-05-31,1726.55
2012-06-01,1680.44
2012-06-04,1664.04
2012-06-05,1660.65
2012-06-06,1673.34
2012-06-07,1676.44
2012-06-08,1672.84
2012-06-12,1656.57
2012-06-13,1653.02
2012-06-14,1665.18
2012-06-15,1649.5
2012-06-19,1676.53
2012-06-20,1686.6
2012-06-21,1638.93
2012-06-22,1633.51
2012-06-25,1593.97
2012-06-26,1595.32
2012-06-27,1626.87
2012-06-28,1610.49
2012-06-29,1640.01
2012-07-03,1669.72
2012-07-04,1666.75
2012-07-05,1673.3
2012-07-06,1667.44
2012-07-09,1660.33
2012-07-10,1654.13
2012-07-11,1666.08
2012-07-12,1644.65
2012-07-13,1657.84
2012-07-16,1655.1
2012-07-17,1660.46
2012-07-18,1665.54
2012-07-19,1671.02
2012-07-23,1658.12
2012-07-24,1658.8
2012-07-25,1642.76
2012-07-26,1650.02
2012-07-27,1684.97
2012-07-30,1683.09
2012-07-31,1673.87
2012-08-01,1668.16
2012-08-02,1651.66
2012-08-03,1644.62
2012-08-06,1638.69
2012-08-08,1612.62
2012-08-09,1652.22
2012-08-10,1661.68
2012-08-13,1656.32
2012-08-14,1667.12
2012-08-15,1678.45
2012-08-16,1684.47
2012-08-17,1686.75
2012-08-21,1673.75
2012-08-22,1677.78
2012-08-23,1679
2012-08-24,1672.59
2012-08-27,1675.66
2012-08-28,1683.2
2012-08-29,1675.2
2012-08-30,1667.96
2012-08-31,1668.5
2012-09-03,1667.1
2012-09-04,1655.2
2012-09-05,1650.16
2012-09-06,1680.96
2012-09-07,1689.54
2012-09-10,1683.06
2012-09-11,1685.2
2012-09-12,1683.19
2012-09-13,1695.77
2012-09-14,1708.52
2012-09-17,1681.37
2012-09-18,1688.66
2012-09-19,1705.1
2012-09-20,1703.79
2012-09-21,1709.38
2012-09-24,1696.13
2012-09-25,1686.1
2012-09-26,1683.52
2012-09-27,1695.75
2012-09-28,1681.08
2012-10-01,1683.4
2012-10-02,1695.46
2012-10-03,1692.75
2012-10-04,1703.7
2012-10-05,1704.62
2012-10-08,1702.03
2012-10-09,1695.89
2012-10-10,1698.16
2012-10-11,1700.28
2012-10-12,1706.5
2012-10-16,1721.62
2012-10-17,1753.63
2012-10-18,1775.3
2012-10-19,1780.11
2012-10-22,1795.74
2012-10-23,1790.49
2012-10-24,1795.58
2012-10-25,1832.14
2012-10-26,1830.06
2012-10-29,1835.82
2012-10-30,1813.4
2012-10-31,1809.93
2012-11-01,1771.46
2012-11-02,1754.39
2012-11-06,1732.64
2012-11-07,1699.73
2012-11-08,1739.43
2012-11-09,1747.73
2012-11-13,1737.21
2012-11-14,1728.71
2012-11-15,1740.01
2012-11-16,1738.39
2012-11-19,1748.17
2012-11-20,1752.21
2012-11-21,1744.35
2012-11-22,1739.91
2012-11-23,1746.28
2012-11-26,1737.34
2012-11-27,1733.54
2012-11-28,1735.31
2012-11-29,1744.2
2012-11-30,1754.75
2012-12-03,1761.23
2012-12-04,1777.56
2012-12-05,1796.54
2012-12-06,1797.96
2012-12-07,1795.67
2012-12-10,1801.07
2012-12-11,1809.28
2012-12-12,1820.16
2012-12-13,1809.08
2012-12-14,1804.74
2012-12-17,1804.27
2012-12-18,1809.56
2012-12-19,1813.1
2012-12-20,1811.52
2012-12-21,1808.26
2012-12-24,1824.11
2012-12-26,1817.99
2012-12-27,1823.54
2012-12-28,1823.23
2013-01-02,1828.67
2013-01-03,1832.31
2013-01-04,1830.02
2013-01-08,1832.04
2013-01-09,1844.33
2013-01-10,1837.77
2013-01-11,1837.01
2013-01-14,1833.95
2013-01-15,1832.45
2013-01-16,1834.61
2013-01-17,1839.83
2013-01-18,1843.4
2013-01-21,1842.13
2013-01-22,1850.75
2013-01-23,1857.44
2013-01-24,1861.34
2013-01-25,1867.01
2013-01-28,1855.05
2013-01-29,1860.29
2013-01-30,1867.57
2013-01-31,1863.78
2013-02-01,1874.6
2013-02-04,1877.86
2013-02-05,1889.47
2013-02-06,1878.14
2013-02-07,1869.31
2013-02-08,1871.59
2013-02-11,1857.63
2013-02-12,1864.47
2013-02-13,1868.19
2013-02-14,1869.99
2013-02-15,1857.86
2013-02-18,1855.07
2013-02-19,1842.93
2013-02-20,1835.66
2013-02-21,1836.83
2013-02-22,1851.5
2013-02-25,1857.03
2013-02-26,1846.75
2013-02-27,1845.41
2013-02-28,1844.49
2013-03-01,1839.74
2013-03-04,1822.46
2013-03-05,1815.27
2013-03-06,1806.97
2013-03-07,1790.98
2013-03-08,1792.26
2013-03-11,1793.99
2013-03-12,1800.66
2013-03-13,1790.1
2013-03-14,1789.81
2013-03-15,1806.67
2013-03-18,1796.57
2013-03-19,1760.23
2013-03-20,1759.56
2013-03-21,1758.44
2013-03-22,1760.05
2013-03-26,1773.98
2013-03-27,1774.86
2013-04-01,1770.09
2013-04-02,1769.61
2013-04-03,1746.9
2013-04-04,1756.97
2013-04-05,1758.88
2013-04-08,1745.89
2013-04-09,1739.58
2013-04-10,1742.18
2013-04-11,1750.72
2013-04-12,1733.9
2013-04-15,1682.2
2013-04-16,1705.48
2013-04-17,1699.94
2013-04-18,1703.49
2013-04-19,1705.98
2013-04-22,1713.68
2013-04-23,1713.35
2013-04-24,1715.77
2013-04-25,1715.96
2013-04-26,1705.11
2013-04-29,1700.13
2013-04-30,1684.88
2013-05-02,1695.64
2013-05-03,1698.54
2013-05-06,1686.81
2013-05-07,1688.35
2013-05-08,1674.3
2013-05-09,1674.21
2013-05-10,1654.77
2013-05-14,1663.53
2013-05-15,1677.53
2013-05-16,1686.64
2013-05-17,1689.89
2013-05-20,1681.81
2013-05-21,1690.57
2013-05-22,1694.68
2013-05-23,1699.53
2013-05-24,1704.66
2013-05-27,1704.2
2013-05-28,1716.23
2013-05-29,1708.44
2013-05-30,1702.68
2013-05-31,1666.25
2013-06-04,1685.12
2013-06-05,1682.02
2013-06-06,1677.52
2013-06-07,1672.83
2013-06-11,1653.52
2013-06-12,1629.7
2013-06-13,1629.59
2013-06-14,1636.9
2013-06-17,1635.23
2013-06-18,1655.85
2013-06-19,1650.73
2013-06-20,1614.17
2013-06-21,1595.35
2013-06-24,1570.66
2013-06-25,1557.29
2013-06-26,1574.5
2013-06-27,1577.39
2013-06-28,1615.84
2013-07-02,1613.05
2013-07-03,1607.03
2013-07-04,1610.45
2013-07-05,1597.41
2013-07-08,1586.14
2013-07-09,1575.68
2013-07-10,1550.7
2013-07-11,1584.43
2013-07-12,1604.24
2013-07-15,1634.75
2013-07-16,1644.74
2013-07-17,1666.87
2013-07-18,1680.11
2013-07-19,1685.63
2013-07-22,1666.29
2013-07-23,1694.59
2013-07-24,1704.86
2013-07-25,1701.29
2013-07-26,1694.34
2013-07-29,1689.53
2013-07-30,1694.9
2013-07-31,1680.7
2013-08-01,1706
2013-08-02,1721.95
2013-08-05,1718.45
2013-08-06,1720.03
2013-08-08,1716.4
2013-08-09,1720.67
2013-08-12,1722.91
2013-08-13,1736.35
2013-08-14,1747.11
2013-08-15,1730.41
2013-08-16,1727.74
2013-08-20,1725.64
2013-08-21,1723.34
2013-08-22,1722.35
2013-08-23,1720.68
2013-08-26,1714.15
2013-08-27,1714.14
2013-08-28,1734
2013-08-29,1721.94
2013-08-30,1729.62
2013-09-02,1732.65
2013-09-03,1737.62
2013-09-04,1746.9
2013-09-05,1746.75
2013-09-06,1736.54
2013-09-09,1752.76
2013-09-10,1765.98
2013-09-11,1770.01
2013-09-12,1768.04
2013-09-13,1761.31
2013-09-16,1758.74
2013-09-17,1766.95
2013-09-18,1766
2013-09-19,1765.99
2013-09-20,1767.5
2013-09-23,1773.48
2013-09-24,1775.35
2013-09-25,1777
2013-09-26,1765.51
2013-09-27,1768.52
2013-09-30,1752.26
2013-10-01,1757.92
2013-10-02,1756.97
2013-10-03,1754.75
2013-10-04,1751.71
2013-10-07,1753.6
2013-10-08,1757.29
2013-10-09,1751.06
2013-10-10,1756.77
2013-10-11,1763.11
2013-10-15,1766.44
2013-10-16,1770.06
2013-10-17,1772.17
2013-10-18,1781
2013-10-21,1779.67
2013-10-22,1773.52
2013-10-23,1771.25
2013-10-24,1775.05
2013-10-25,1773.84
2013-10-28,1763.16
2013-10-29,1763.01
2013-10-30,1758.37
2013-10-31,1742.94
2013-11-01,1752.97
2013-11-05,1734.76
2013-11-06,1736.78
2013-11-07,1713.84
2013-11-08,1678.18
2013-11-12,1626.07
2013-11-13,1663
2013-11-14,1672.18
2013-11-15,1672.1
2013-11-18,1670.99
2013-11-19,1666.26
2013-11-20,1662.73
2013-11-21,1659.55
2013-11-22,1655.24
2013-11-25,1635.5
2013-11-26,1625.62
2013-11-27,1622.53
2013-11-28,1627.07
2013-11-29,1630.19
2013-12-02,1625.93
2013-12-03,1626.99
2013-12-04,1587.37
2013-12-05,1610.28
2013-12-06,1599.52
2013-12-09,1614.63
2013-12-10,1624
2013-12-11,1630.84
2013-12-12,1646.73
2013-12-13,1638.2
2013-12-16,1606.98
2013-12-17,1616.45
2013-12-18,1600.13
2013-12-19,1607.44
2013-12-20,1630.43
2013-12-23,1602.6
2013-12-24,1613.81
2013-12-26,1602.72
2013-12-27,1601.5
2013-12-30,1606.33
2014-01-02,1611.77
2014-01-03,1601.29
2014-01-07,1575.61
2014-01-08,1566.28
2014-01-09,1563.4
2014-01-10,1542.07
2014-01-13,1539.48
2014-01-14,1542.3
2014-01-15,1548.29
2014-01-16,1535.34
2014-01-17,1536.08
2014-01-20,1537.99
2014-01-21,1533.29
2014-01-22,1541.94
2014-01-23,1516.2
2014-01-24,1494.77
2014-01-27,1473.27
2014-01-28,1461
2014-01-29,1452.68
2014-01-30,1453.56
2014-01-31,1460.04
2014-02-03,1448.56
2014-02-04,1451.76
2014-02-05,1465.76
2014-02-06,1487.61
2014-02-07,1499.57
2014-02-10,1484.52
2014-02-11,1497.94
2014-02-12,1515.4
2014-02-13,1520.23
2014-02-14,1527.35
2014-02-17,1524.79
2014-02-18,1534.93
2014-02-19,1546.07
2014-02-20,1525.21
2014-02-21,1520.6
2014-02-24,1535.11
2014-02-25,1501.4
2014-02-26,1488.44
2014-02-27,1495.01
2014-02-28,1520.74
2014-03-03,1504.11
2014-03-04,1539.33
2014-03-05,1563.41
2014-03-06,1588.91
2014-03-07,1571.84
2014-03-10,1571.44
2014-03-11,1586.04
2014-03-12,1584.93
2014-03-13,1597.85
2014-03-14,1589.85
2014-03-17,1596.76
2014-03-18,1592.49
2014-03-19,1595.18
2014-03-20,1608.99
2014-03-21,1607.95
2014-03-25,1639.02
2014-03-26,1646.01
2014-03-27,1663.84
2014-03-28,1673.72
2014-03-31,1688.3
2014-04-01,1691.88
2014-04-02,1707.22
2014-04-03,1713.01
2014-04-04,1703.12
2014-04-07,1682.99
2014-04-08,1673.08
2014-04-09,1668.97
2014-04-10,1681.42
2014-04-11,1676.8
2014-04-14,1688.17
2014-04-15,1669.24
2014-04-16,1677.73
2014-04-21,1668.85
2014-04-22,1654.78
2014-04-23,1649.67
2014-04-24,1634.54
2014-04-25,1641.46
2014-04-28,1642.1
2014-04-29,1653.62
2014-04-30,1672.47
2014-05-02,1659.54
2014-05-05,1650.36
2014-05-06,1651.95
2014-05-07,1663.76
2014-05-08,1674.28
2014-05-09,1674.22
2014-05-12,1686.47
2014-05-13,1688.91
2014-05-14,1689.49
2014-05-15,1676.77
2014-05-16,1685.11
2014-05-19,1683.19
2014-05-20,1662.45
2014-05-21,1673.48
2014-05-22,1664.57
2014-05-23,1666.79
2014-05-26,1663.96
2014-05-27,1663.46
2014-05-28,1661.55
2014-05-29,1662.86
2014-05-30,1659.05
2014-06-03,1678.97
2014-06-04,1675.34
2014-06-05,1682.81
2014-06-06,1676.84
2014-06-09,1683.87
2014-06-10,1714.03
2014-06-11,1720.6
2014-06-12,1714.84
2014-06-13,1716.81
2014-06-16,1728.28
2014-06-17,1719.06
2014-06-18,1722.24
2014-06-19,1720.16
2014-06-20,1725.13
2014-06-24,1723.7
2014-06-25,1717.65
2014-06-26,1710.67
2014-06-27,1705.99
2014-07-01,1705.14
2014-07-02,1703.39
2014-07-03,1705.49
2014-07-04,1704.32
2014-07-07,1701.44
2014-07-08,1695.6
2014-07-09,1684.34
2014-07-10,1674.48
2014-07-11,1684.25
2014-07-14,1673.99
2014-07-15,1680.12
2014-07-16,1687
2014-07-17,1688.55
2014-07-18,1689.55
2014-07-21,1689.25
2014-07-22,1697.12
2014-07-23,1695.55
2014-07-24,1693.63
2014-07-25,1700.91
2014-07-28,1714.94
2014-07-29,1706.94
2014-07-30,1710.59
2014-07-31,1694.59
2014-08-01,1693.06
2014-08-04,1712.97
2014-08-05,1724.24
2014-08-06,1720.24
2014-08-08,1719.88
2014-08-11,1740.83
2014-08-12,1720.34
2014-08-13,1726.32
2014-08-14,1723.15
2014-08-15,1722.54
2014-08-19,1731.95
2014-08-20,1750.67
2014-08-21,1755.26
2014-08-22,1747.13
2014-08-25,1749.93
2014-08-26,1754.19
2014-08-27,1764.1
2014-08-28,1763.51
2014-08-29,1771.18
2014-09-01,1776.76
2014-09-02,1777.53
2014-09-03,1780.25
2014-09-04,1769.38
2014-09-05,1761.69
2014-09-08,1749.84
2014-09-09,1741.59
2014-09-10,1744.09
2014-09-11,1733.52
2014-09-12,1734.98
2014-09-15,1732.93
2014-09-16,1728.09
2014-09-17,1735.42
2014-09-18,1741.58
2014-09-19,1739.41
2014-09-22,1730.8
2014-09-23,1696.34
2014-09-24,1688.37
2014-09-25,1675.14
2014-09-26,1678
2014-09-29,1678.48
2014-09-30,1665.7
2014-10-01,1635.43
2014-10-02,1629.09
2014-10-03,1654.23
2014-10-06,1669.03
2014-10-07,1655.85
2014-10-08,1643.31
2014-10-09,1640.36
2014-10-10,1601.8
2014-10-14,1590.3
2014-10-15,1580.26
2014-10-16,1603.09
2014-10-17,1617
2014-10-20,1617.07
2014-10-21,1626.33
2014-10-22,1613.1
2014-10-23,1624.99
2014-10-24,1624.17
2014-10-27,1608.76
2014-10-28,1610.34
2014-10-29,1615.05
2014-10-30,1626.22
2014-10-31,1634.88
2014-11-04,1625.32
2014-11-05,1633.61
2014-11-06,1640.47
2014-11-07,1638.79
2014-11-10,1635.71
2014-11-11,1620.88
2014-11-12,1623.63
2014-11-13,1606.43
2014-11-14,1603.88
2014-11-18,1593.06
2014-11-19,1592.31
2014-11-20,1590.12
2014-11-21,1598.59
2014-11-24,1584.42
2014-11-25,1572.95
2014-11-26,1551.89
2014-11-27,1532.87
2014-11-28,1525.68
2014-12-01,1510.06
2014-12-02,1497.59
2014-12-03,1515.62
2014-12-04,1495.97
2014-12-05,1500.51
2014-12-09,1488.4
2014-12-10,1444.01
2014-12-11,1410.95
2014-12-12,1382.75
2014-12-15,1348.38
2014-12-16,1373.03
2014-12-17,1428.4
2014-12-18,1433.69
2014-12-19,1462.06
2014-12-22,1525.01
2014-12-23,1537.38
2014-12-24,1538.88
2014-12-26,1517.25
2014-12-29,1507.53
2014-12-30,1512.98
2015-01-02,1483.89
2015-01-05,1418.74
2015-01-06,1419.92
2015-01-07,1422.2
2015-01-08,1433.37
2015-01-09,1426.77
2015-01-13,1412.2
2015-01-14,1387.56
2015-01-15,1380.65
2015-01-16,1376.3
2015-01-19,1376.17
2015-01-20,1377.29
2015-01-21,1388.17
2015-01-22,1411.78
2015-01-23,1423.28
2015-01-26,1426.48
2015-01-27,1423.89
2015-01-28,1407.79
2015-01-29,1407.92
2015-01-30,1389
2015-02-02,1408.2
2015-02-03,1436.19
2015-02-04,1428.45
2015-02-05,1434.46
2015-02-06,1437.03
2015-02-09,1425.57
2015-02-10,1402.65
2015-02-11,1381.74
2015-02-12,1381.46
2015-02-13,1397.81
2015-02-16,1398.97
2015-02-17,1397.2
2015-02-18,1397.93
2015-02-19,1386.78
2015-02-20,1368.85
2015-02-23,1375.86
2015-02-24,1365.36
2015-02-25,1362.71
2015-02-26,1361.95
2015-02-27,1367.58
2015-03-02,1342.89
2015-03-03,1317.12
2015-03-04,1321.63
2015-03-05,1311.62
2015-03-06,1280.43
2015-03-09,1257.87
2015-03-10,1249.94
2015-03-11,1249.83
2015-03-12,1269.88
2015-03-13,1281.95
2015-03-16,1288.16
2015-03-17,1288.6
2015-03-18,1304.89
2015-03-19,1297.34
2015-03-20,1292.36
2015-03-24,1284.87
2015-03-25,1297.88
2015-03-26,1300.04
2015-03-27,1294.9
2015-03-30,1297.14
2015-03-31,1304.62
2015-04-01,1329.8
2015-04-06,1350.52
2015-04-07,1355.85
2015-04-08,1344.58
2015-04-09,1350.77
2015-04-10,1347.8
2015-04-13,1357.47
2015-04-14,1358.76
2015-04-15,1362.53
2015-04-16,1367.14
2015-04-17,1363.89
2015-04-20,1347.89
2015-04-21,1330.31
2015-04-22,1346.53
2015-04-23,1357.85
2015-04-24,1374.49
2015-04-27,1392.29
2015-04-28,1411.62
2015-04-29,1405.71
2015-04-30,1396.35
2015-05-04,1401.16
2015-05-05,1418.06
2015-05-06,1411.22
2015-05-07,1378.04
2015-05-08,1367.28
2015-05-11,1366.06
2015-05-12,1361.8
2015-05-13,1358.35
2015-05-14,1360.76
2015-05-15,1357
2015-05-19,1368.58
2015-05-20,1363.42
2015-05-21,1356.61
2015-05-22,1353.62
2015-05-25,1347.77
2015-05-26,1336.89
2015-05-27,1310.79
2015-05-28,1307.17
2015-05-29,1306.62
2015-06-01,1301.17
2015-06-02,1309.26
2015-06-03,1311.78
2015-06-04,1309.09
2015-06-05,1320.31
2015-06-09,1319.23
2015-06-10,1323.54
2015-06-11,1333.75
2015-06-12,1330.18
2015-06-16,1321.1
2015-06-17,1320.69
2015-06-18,1325.8
2015-06-19,1307.51
2015-06-22,1313.33
2015-06-23,1332.08
2015-06-24,1329.42
2015-06-25,1313.83
2015-06-26,1321.82
2015-06-30,1331.35
2015-07-01,1313.53
2015-07-02,1320.06
2015-07-03,1312.67
2015-07-06,1309.68
2015-07-07,1305.92
2015-07-08,1295.54
2015-07-09,1300.57
2015-07-10,1310.59
2015-07-13,1314.02
2015-07-14,1325.39
2015-07-15,1324.37
2015-07-16,1326.44
2015-07-17,1309.45
2015-07-21,1300.58
2015-07-22,1306.33
2015-07-23,1307.4
2015-07-24,1303.25
2015-07-27,1293.07
2015-07-28,1297.62
2015-07-29,1325.32
2015-07-30,1321.96
2015-07-31,1317.24
2015-08-03,1298.76
2015-08-04,1297.64
2015-08-05,1288.67
2015-08-06,1290.79
2015-08-10,1285.35
2015-08-11,1271.62
2015-08-12,1281.04
2015-08-13,1272.49
2015-08-14,1269.22
2015-08-18,1260.95
2015-08-19,1240.35
2015-08-20,1228.87
2015-08-21,1192.75
2015-08-24,1150.78
2015-08-25,1149.53
2015-08-26,1152.87
2015-08-27,1198.78
2015-08-28,1217.95
2015-08-31,1246.59
2015-09-01,1210.78
2015-09-02,1218.88
2015-09-03,1238.95
2015-09-04,1235.97
2015-09-07,1241.61
2015-09-08,1244.63
2015-09-09,1233.84
2015-09-10,1255.39
2015-09-11,1249.58
2015-09-14,1250.32
2015-09-15,1253.6
2015-09-16,1265.28
2015-09-17,1264.14
2015-09-18,1248.58
2015-09-21,1233.98
2015-09-22,1215.45
2015-09-23,1208.77
2015-09-24,1219.38
2015-09-25,1215.27
2015-09-28,1203.12
2015-09-29,1202.27
2015-09-30,1218.82
2015-10-01,1210.19
2015-10-02,1218.08
2015-10-05,1237.75
2015-10-06,1254.98
2015-10-07,1274.33
2015-10-08,1280.55
2015-10-09,1280.18
2015-10-13,1274.28
2015-10-14,1258.68
2015-10-15,1251.02
2015-10-16,1251.59
2015-10-19,1246.6
2015-10-20,1245.97
2015-10-21,1245.11
2015-10-22,1248.61
2015-10-23,1249.12
2015-10-26,1248.49
2015-10-27,1238.47
2015-10-28,1228.93
2015-10-29,1219.48
2015-10-30,1218.13
2015-11-03,1217.93
2015-11-04,1218.39
2015-11-05,1225.68
2015-11-06,1222.87
2015-11-09,1217.49
2015-11-10,1213.44
2015-11-11,1204.62
2015-11-12,1182.47
2015-11-13,1152.13
2015-11-17,1112.05
2015-11-18,1125.57
2015-11-19,1120.45
2015-11-20,1139.17
2015-11-23,1140.28
2015-11-24,1124.6
2015-11-25,1108.53
2015-11-26,1104.06
2015-11-27,1092.95
2015-11-30,1114.36
2015-12-01,1109.45
2015-12-02,1091.47
2015-12-03,1081.21
2015-12-04,1070.93
2015-12-07,1051.25
2015-12-09,1062.02
2015-12-10,1080.06
2015-12-11,1074.88
2015-12-14,1074.26
2015-12-15,1101.24
2015-12-16,1129.78
2015-12-17,1140.85
2015-12-18,1139.99
2015-12-21,1131.27
2015-12-22,1128.73
2015-12-23,1161.02
2015-12-24,1154.77
2015-12-28,1152.22
2015-12-29,1148.25
2015-12-30,1153.71
2016-01-04,1129.71
2016-01-05,1142.4
2016-01-06,1129.32
2016-01-07,1105.73
2016-01-08,1098.32
2016-01-12,1079.28
2016-01-13,1096.68
2016-01-14,1128.65
2016-01-15,1103.26
2016-01-18,1078.69
2016-01-19,1100.3
2016-01-20,1109.33
2016-01-21,1124.79
2016-01-22,1151.62
2016-01-25,1139.32
2016-01-26,1146.36
2016-01-27,1153.46
2016-01-28,1165.38
2016-01-29,1175.09
2016-02-01,1180.72
2016-02-02,1165.77
2016-02-03,1180.66
2016-02-04,1188.73
2016-02-05,1195.11
2016-02-08,1192.98
2016-02-09,1196.9
2016-02-10,1200.42
2016-02-11,1198.51
2016-02-12,1209.03
2016-02-15,1209.88
2016-02-16,1199.98
2016-02-17,1233.34
2016-02-18,1235.89
2016-02-19,1234.93
2016-02-22,1236.37
2016-02-23,1229.65
2016-02-24,1228.18
2016-02-25,1240.13
2016-02-26,1246.68
2016-02-29,1244.17
2016-03-01,1255.54
2016-03-02,1276.63
2016-03-03,1295.43
2016-03-04,1294.86
2016-03-07,1307.17
2016-03-08,1294.63
2016-03-09,1296.27
2016-03-10,1299.45
2016-03-11,1302.71
2016-03-14,1298.48
2016-03-15,1285.34
2016-03-16,1284.4
2016-03-17,1295.89
2016-03-18,1309.81
2016-03-22,1316.92
2016-03-23,1321.05
2016-03-28,1305.41
2016-03-29,1299.65
2016-03-30,1319.77
2016-03-31,1336.27
2016-04-01,1333.63
2016-04-04,1337.58
2016-04-05,1313.19
2016-04-06,1321.5
2016-04-07,1316.11
2016-04-08,1326.57
2016-04-11,1336.37
2016-04-12,1364.13
2016-04-13,1370.62
2016-04-14,1364.97
2016-04-15,1355.2
2016-04-18,1354.76
2016-04-19,1362.84
2016-04-20,1376.61
2016-04-21,1375.95
2016-04-22,1374.41
2016-04-25,1359.25
2016-04-26,1365.2
2016-04-27,1361.98
2016-04-28,1362.02
2016-04-29,1342.42
2016-05-02,1342.5
2016-05-03,1320.18
2016-05-04,1311.83
2016-05-05,1291.14
2016-05-06,1293.03
2016-05-10,1328.6
2016-05-11,1336.35
2016-05-12,1351.39
2016-05-13,1350.36
2016-05-16,1357.57
2016-05-17,1343.88
2016-05-18,1327.74
2016-05-19,1323.21
2016-05-20,1322.44
2016-05-23,1325.36
2016-05-24,1319.44
2016-05-25,1306.65
2016-05-26,1302.13
2016-05-27,1302.36
2016-05-31,1292.51
2016-06-01,1301.18
2016-06-02,1303
2016-06-03,1307.83
2016-06-07,1315.86
2016-06-08,1333.46
2016-06-09,1333.48
2016-06-10,1320.48
2016-06-13,1315.23
2016-06-14,1303.33
2016-06-15,1303.83
2016-06-16,1307.77
2016-06-17,1308.41
2016-06-20,1316.2
2016-06-21,1323.65
2016-06-22,1326.25
2016-06-23,1329.58
2016-06-24,1317.71
2016-06-27,1302.39
2016-06-28,1303.28
2016-06-29,1311.52
2016-06-30,1313.18
2016-07-01,1312.98
2016-07-05,1303.46
2016-07-06,1310
2016-07-07,1301.76
2016-07-08,1297.64
2016-07-11,1306.76
2016-07-12,1320.3
2016-07-13,1325.79
2016-07-14,1332.85
2016-07-15,1339.6
2016-07-18,1339
2016-07-19,1337.8
2016-07-21,1328.61
2016-07-22,1332.85
2016-07-25,1323.41
2016-07-26,1315.69
2016-07-27,1321.65
2016-07-28,1317.44
2016-07-29,1308.22
2016-08-01,1306.02
2016-08-02,1303.35
2016-08-03,1304.62
2016-08-04,1307.59
2016-08-05,1309.48
2016-08-08,1314.34
2016-08-09,1323.93
2016-08-10,1322.33
2016-08-11,1327.89
2016-08-12,1323.66
2016-08-16,1342.69
2016-08-17,1348.89
2016-08-18,1348.01
2016-08-19,1349.79
2016-08-22,1349.21
2016-08-23,1358.62
2016-08-24,1369.65
2016-08-25,1370.82
2016-08-26,1373.42
2016-08-29,1371.99
2016-08-30,1373.85
2016-08-31,1380.18
2016-09-01,1379.41
2016-09-02,1394.38
2016-09-05,1397.92
2016-09-06,1402.83
2016-09-07,1417.57
2016-09-08,1416.16
2016-09-09,1397.9
2016-09-12,1386.73
2016-09-13,1367.18
2016-09-14,1373.22
2016-09-15,1373.44
2016-09-16,1354.63
2016-09-19,1354.67
2016-09-20,1341.36
2016-09-21,1341.29
2016-09-22,1358.03
2016-09-23,1351.6
2016-09-26,1346.67
2016-09-27,1333.85
2016-09-28,1354.98
2016-09-29,1345
2016-09-30,1338.83
2016-10-03,1330.57
2016-10-04,1335.1
2016-10-05,1341.33
2016-10-06,1343.44
2016-10-07,1348.2
2016-10-10,1350.33
2016-10-11,1358.07
2016-10-12,1354.61
2016-10-13,1354.4
2016-10-14,1346.07
2016-10-18,1355.72
2016-10-19,1364.02
2016-10-20,1361.15
2016-10-21,1362.97
2016-10-24,1359.2
2016-10-25,1356.98
2016-10-26,1357.49
2016-10-27,1359.7
2016-10-28,1360.96
2016-10-31,1365.53
2016-11-01,1370.75
2016-11-02,1368.45
2016-11-03,1356.01
2016-11-04,1345.66
2016-11-08,1354.91
2016-11-09,1354.68
2016-11-10,1319.51
2016-11-11,1299.03
2016-11-15,1297.07
2016-11-16,1300.09
2016-11-17,1305.81
2016-11-18,1307.44
2016-11-21,1312.87
2016-11-22,1307.21
2016-11-23,1308.87
2016-11-24,1308.94
2016-11-25,1295.67
2016-11-28,1289.97
2016-11-29,1271.11
2016-11-30,1286.07
2016-12-01,1297.33
2016-12-02,1306.56
2016-12-05,1314.74
2016-12-06,1316.82
2016-12-07,1314.38
2016-12-09,1324.8
2016-12-12,1323.19
2016-12-13,1335.46
2016-12-14,1325.78
2016-12-15,1339.89
2016-12-16,1341.58
2016-12-19,1340.08
2016-12-20,1345.87
2016-12-21,1342.25
2016-12-22,1340.06
2016-12-23,1330.31
2016-12-26,1341.31
2016-12-27,1339.06
2016-12-28,1353.65
2016-12-29,1351.68
2017-01-02,1345.89
2017-01-03,1354.82
2017-01-04,1373.04
2017-01-05,1377.88
2017-01-06,1374.08
2017-01-10,1372.5
2017-01-11,1375.14
2017-01-12,1369.64
2017-01-13,1369.62
2017-01-16,1361.05
2017-01-17,1361.48
2017-01-18,1360.54
2017-01-19,1359.6
2017-01-20,1354.35
2017-01-23,1355.43
2017-01-24,1366.91
2017-01-25,1365.24
2017-01-26,1371.38
2017-01-27,1372.59
2017-01-30,1364.9
2017-01-31,1357.47
2017-02-01,1357.83
2017-02-02,1366.79
2017-02-03,1369.79
2017-02-06,1367.92
2017-02-07,1360.65
2017-02-08,1350.27
2017-02-09,1345.97
2017-02-10,1347.4
2017-02-13,1351.36
2017-02-14,1320.97
2017-02-15,1334.88
2017-02-16,1344.46
2017-02-17,1341.83
2017-02-20,1340.99
2017-02-21,1336.52
2017-02-22,1331.2
2017-02-23,1341.65
2017-02-24,1333.57
2017-02-27,1334.45
2017-02-28,1326.31
2017-03-01,1328.63
2017-03-02,1326.81
2017-03-03,1329.58
2017-03-06,1334.02
2017-03-07,1332.81
2017-03-08,1324.54
2017-03-09,1330.35
2017-03-10,1335.67
2017-03-13,1342.42
2017-03-14,1317.98
2017-03-15,1329.96
2017-03-16,1342.21
2017-03-17,1337.29
2017-03-21,1343.97
2017-03-22,1351.16
2017-03-23,1359.19
2017-03-24,1355.53
2017-03-27,1356.01
2017-03-28,1363.61
2017-03-29,1364.61
2017-03-30,1369.88
2017-03-31,1365.61
2017-04-03,1368.39
2017-04-04,1368.12
2017-04-05,1371.46
2017-04-06,1370.05
2017-04-07,1368.98
2017-04-10,1375.9
2017-04-11,1374.43
2017-04-12,1378.28
2017-04-17,1371.98
2017-04-18,1371.75
2017-04-19,1363.44
2017-04-20,1363.34
2017-04-21,1362.33
2017-04-24,1366.49
2017-04-25,1372.42
2017-04-26,1374.66
2017-04-27,1362.45
2017-04-28,1371.54
2017-05-02,1373.17
2017-05-03,1370.13
2017-05-04,1376.63
2017-05-05,1384.92
2017-05-08,1403.19
2017-05-09,1407.13
2017-05-10,1414.84
2017-05-11,1421.84
2017-05-12,1443.56
2017-05-15,1458.09
2017-05-16,1449.37
2017-05-17,1437.84
2017-05-18,1429.41
2017-05-19,1436.19
2017-05-22,1436.81
2017-05-23,1444.14
2017-05-24,1446.19
2017-05-25,1444.39
2017-05-26,1448.93
2017-05-30,1444.09
2017-05-31,1439.48
2017-06-01,1442.83
2017-06-02,1441.81
2017-06-05,1445.06
2017-06-06,1456.53
2017-06-07,1451.37
2017-06-08,1450.26
2017-06-09,1450.45
2017-06-12,1446.91
2017-06-13,1450.43
2017-06-14,1456.73
2017-06-15,1456.39
2017-06-16,1464.77
2017-06-20,1450.82
2017-06-21,1436.7
2017-06-22,1435.57
2017-06-23,1435.12
2017-06-27,1437.72
2017-06-28,1449.22
2017-06-29,1458.71
2017-06-30,1462.9
2017-07-04,1475.15
2017-07-05,1480.52
2017-07-06,1481.32
2017-07-07,1470.32
2017-07-10,1467.37
2017-07-11,1474.7
2017-07-12,1490.01
2017-07-13,1492.09
2017-07-14,1487.8
2017-07-17,1487.54
2017-07-18,1479.95
2017-07-19,1468.63
2017-07-21,1471.34
2017-07-24,1475.84
2017-07-25,1476.1
2017-07-26,1473.63
2017-07-27,1479.75
2017-07-28,1486.79
2017-07-31,1481.37
2017-08-01,1478.09
2017-08-02,1481.05
2017-08-03,1477.95
2017-08-04,1476.47
2017-08-08,1469.79
2017-08-09,1470.32
2017-08-10,1463.54
2017-08-11,1463.07
2017-08-14,1462.44
2017-08-15,1452.91
2017-08-16,1468.3
2017-08-17,1470.69
2017-08-18,1477.21
2017-08-22,1482.77
2017-08-23,1481.24
2017-08-24,1477.41
2017-08-25,1475.17
2017-08-28,1475.67
2017-08-29,1477.89
2017-08-30,1471.16
2017-08-31,1482.27
2017-09-01,1494.17
2017-09-04,1501.38
2017-09-05,1505.23
2017-09-06,1507.42
2017-09-07,1503.45
2017-09-08,1499.58
2017-09-11,1505.09
2017-09-12,1493.78
2017-09-13,1491.96
2017-09-14,1491.48
2017-09-15,1492.96
2017-09-18,1496.87
2017-09-19,1495.48
2017-09-20,1486.49
2017-09-21,1483.9
2017-09-22,1486.15
2017-09-25,1482.8
2017-09-26,1481.21
2017-09-27,1487.26
2017-09-28,1486.62
2017-09-29,1487.52
2017-10-02,1487.54
2017-10-03,1487.92
2017-10-04,1484.12
2017-10-05,1486.71
2017-10-06,1491.47
2017-10-09,1484.05
2017-10-10,1486.06
2017-10-11,1483.7
2017-10-12,1484.69
2017-10-13,1486.35
2017-10-17,1480.99
2017-10-18,1478.76
2017-10-19,1469.15
2017-10-20,1464.99
2017-10-23,1460.36
2017-10-24,1460.35
2017-10-25,1469.71
2017-10-26,1471.17
2017-10-27,1445.07
2017-10-30,1437.16
2017-10-31,1424.58
2017-11-01,1439.81
2017-11-02,1425.88
2017-11-03,1418.58
2017-11-07,1435.12
2017-11-08,1434.78
2017-11-09,1440.38
2017-11-10,1434.36
2017-11-14,1425.18
2017-11-15,1430.64
2017-11-16,1436.59
2017-11-17,1443.55
2017-11-20,1446.28
2017-11-21,1448.48
2017-11-22,1451.49
2017-11-23,1450.92
2017-11-24,1449.66
2017-11-27,1446.35
2017-11-28,1446.91
2017-11-29,1449.52
2017-11-30,1445.23
2017-12-01,1449.85
2017-12-04,1443.47
2017-12-05,1447.47
2017-12-06,1446.21
2017-12-07,1449.35
2017-12-11,1470.12
2017-12-12,1470.1
2017-12-13,1472.75
2017-12-14,1475.39
2017-12-15,1465.02
2017-12-18,1474.59
2017-12-19,1475.94
2017-12-20,1481.49
2017-12-21,1488.32
2017-12-22,1493.93
2017-12-26,1493.5
2017-12-27,1505
2017-12-28,1513.65
2018-01-02,1516.68
2018-01-03,1515.84
2018-01-04,1531.68
2018-01-05,1545.57
2018-01-09,1547.31
2018-01-10,1537.7
2018-01-11,1523.33
2018-01-12,1521.41
2018-01-15,1513.76
2018-01-16,1539.1
2018-01-17,1543.54
2018-01-18,1548.07
2018-01-19,1551.04
2018-01-22,1557.86
2018-01-23,1570.34
2018-01-24,1589.6
2018-01-25,1588.97
2018-01-26,1592.82
2018-01-29,1598.4
2018-01-30,1582.98
2018-01-31,1558.18
2018-02-01,1580.97
2018-02-02,1567.74
2018-02-05,1523.07
2018-02-06,1526.83
2018-02-07,1526.87
2018-02-08,1504.77
2018-02-09,1500.99
2018-02-12,1509.48
2018-02-13,1504.98
2018-02-14,1518.78
2018-02-15,1514.36
2018-02-16,1520.71
2018-02-19,1515.7
2018-02-20,1517.39
2018-02-21,1525.24
2018-02-22,1532.2
2018-02-23,1532.6
2018-02-26,1524.9
2018-02-27,1516.53
2018-02-28,1478.33
2018-03-01,1466.28
2018-03-02,1456.38
2018-03-05,1469.83
2018-03-06,1475.53
2018-03-07,1473.76
2018-03-08,1474.31
2018-03-09,1482.1
2018-03-12,1478.88
2018-03-13,1467.6
2018-03-14,1463.78
2018-03-15,1467.22
2018-03-16,1475.75
2018-03-20,1476.89
2018-03-21,1486.03
2018-03-22,1468.44
2018-03-23,1459.06
2018-03-26,1469.04
2018-03-27,1450
2018-03-28,1455.52
2018-04-02,1470.88
2018-04-03,1492.84
2018-04-04,1497.59
2018-04-05,1514.84
2018-04-06,1520.76
2018-04-09,1531.72
2018-04-10,1548.01
2018-04-11,1560.08
2018-04-12,1555.87
2018-04-13,1538.44
2018-04-16,1530
2018-04-17,1552.16
2018-04-18,1562.16
2018-04-19,1572.45
2018-04-20,1561.45
2018-04-23,1576.65
2018-04-24,1562.55
2018-04-25,1558.05
2018-04-26,1553.34
2018-04-27,1566.45
2018-04-30,1565.56
2018-05-02,1565.67
2018-05-03,1553.03
2018-05-04,1547.04
2018-05-07,1544.26
2018-05-08,1546.45
2018-05-09,1558.46
2018-05-10,1552.64
2018-05-11,1550.08
2018-05-15,1571.47
2018-05-16,1547.37
2018-05-17,1525.54
2018-05-18,1520.52
2018-05-21,1516.71
2018-05-22,1524.84
2018-05-23,1523.17
2018-05-24,1528.32
2018-05-25,1526.36
2018-05-28,1524.44
2018-05-29,1539.19
2018-05-30,1546.03
2018-05-31,1546.71
2018-06-01,1564.47
2018-06-05,1559.67
2018-06-06,1554.59
2018-06-07,1549.53
2018-06-08,1547.96
2018-06-12,1550.56
2018-06-13,1553.18
2018-06-14,1550.94
2018-06-15,1541.23
2018-06-18,1555.54
2018-06-19,1537.5
2018-06-20,1532.26
2018-06-21,1534.39
2018-06-22,1522.79
2018-06-25,1522.66
2018-06-26,1543.8
2018-06-27,1550.35
2018-06-28,1555.61
2018-06-29,1577.01
2018-07-03,1561.27
2018-07-04,1570.9
2018-07-05,1566.95
2018-07-06,1557.59
2018-07-09,1555.39
2018-07-10,1561.16
2018-07-11,1554.15
2018-07-12,1545.52
2018-07-13,1546.75
2018-07-16,1551.33
2018-07-17,1549.97
2018-07-18,1552.15
2018-07-19,1547.34
2018-07-23,1549.19
2018-07-24,1545.03
2018-07-25,1527.4
2018-07-26,1537.36
2018-07-27,1536.13
2018-07-30,1548.13
2018-07-31,1526.6
2018-08-01,1540.41
2018-08-02,1529.17
2018-08-03,1531.96
2018-08-06,1528.09
2018-08-08,1541.73
2018-08-09,1532.11
2018-08-10,1524.96
2018-08-13,1520.03
2018-08-14,1523.72
2018-08-15,1520.61
2018-08-16,1525.29
2018-08-17,1528.58
2018-08-21,1533.2
2018-08-22,1536.09
2018-08-23,1534.56
2018-08-24,1538.7
2018-08-27,1544.32
2018-08-28,1548.27
2018-08-29,1543.68
2018-08-30,1540.61
2018-08-31,1542.77
2018-09-03,1536.16
2018-09-04,1530.34
2018-09-05,1508.94
2018-09-06,1485.16
2018-09-07,1475.9
2018-09-10,1471.81
2018-09-11,1480.57
2018-09-12,1510.38
2018-09-13,1501.31
2018-09-14,1498.21
2018-09-17,1495.4
2018-09-18,1509.65
2018-09-19,1505.63
2018-09-20,1485.86
2018-09-21,1482.99
2018-09-24,1492.33
2018-09-25,1488.6
2018-09-26,1487.07
2018-09-27,1498.14
2018-09-28,1506.07
2018-10-01,1512.97
2018-10-02,1511.94
2018-10-03,1524.86
2018-10-04,1517.36
2018-10-05,1494.99
2018-10-08,1485.16
2018-10-09,1497.55
2018-10-10,1479.75
2018-10-11,1459.97
2018-10-12,1462.71
2018-10-16,1479.01
2018-10-17,1476.33
2018-10-18,1461.26
2018-10-19,1452.38
2018-10-22,1440.38
2018-10-23,1433.9
2018-10-24,1411.99
2018-10-25,1395.49
2018-10-26,1397.17
2018-10-29,1392.46
2018-10-30,1394.92
2018-10-31,1392.18
2018-11-01,1383.02
2018-11-02,1390.97
2018-11-06,1401.69
2018-11-07,1423.2
2018-11-08,1424.96
2018-11-09,1419.91
2018-11-13,1387.37
2018-11-14,1401.51
2018-11-15,1426.96
2018-11-16,1436.9
2018-11-19,1423.09
2018-11-20,1389.24
2018-11-21,1390.19
2018-11-22,1388.3
2018-11-23,1370.91
2018-11-26,1393.78
2018-11-27,1383.27
2018-11-28,1385.13
2018-11-29,1386.8
2018-11-30,1379.24
2018-12-03,1405.61
2018-12-04,1399.71
2018-12-05,1408.41
2018-12-06,1390
2018-12-07,1382.45
2018-12-10,1377.03
2018-12-11,1373.35
2018-12-12,1374.29
2018-12-13,1365.35
2018-12-14,1359.31
2018-12-17,1335.64
2018-12-18,1336.14
2018-12-19,1332.35
2018-12-20,1298.37
2018-12-21,1301.86
2018-12-24,1301.6
2018-12-26,1329.15
2018-12-27,1324.99
2018-12-28,1325.93
2019-01-02,1332.8
2019-01-03,1348.53
2019-01-04,1356.75
2019-01-08,1368.24
2019-01-09,1377.61
2019-01-10,1384.07
2019-01-11,1388.38
2019-01-14,1393.2
2019-01-15,1393.09
2019-01-16,1391.34
2019-01-17,1391.42
2019-01-18,1392.95
2019-01-21,1398.94
2019-01-22,1403.94
2019-01-23,1406.52
2019-01-24,1416.76
2019-01-25,1425.47
2019-01-28,1430.18
2019-01-29,1437.45
2019-01-30,1449.65
2019-01-31,1447.01
2019-02-01,1462.03
2019-02-04,1474.94
2019-02-05,1493.39
2019-02-06,1488.9
2019-02-07,1472.11
2019-02-08,1468.77
2019-02-11,1468.42
2019-02-12,1473.73
2019-02-13,1472.57
2019-02-14,1476.79
2019-02-15,1488.84
2019-02-18,1482.69
2019-02-19,1477.76
2019-02-20,1478.64
2019-02-21,1478.49
2019-02-22,1491.74
2019-02-25,1509.88
2019-02-26,1519.95
2019-02-27,1516.64
2019-02-28,1508.27
2019-03-01,1515.35
2019-03-04,1517
2019-03-05,1518.21
2019-03-06,1532.06
2019-03-07,1517.84
2019-03-08,1503.01
2019-03-11,1525.79
2019-03-12,1533.35
2019-03-13,1560.4
2019-03-14,1575.11
2019-03-15,1579.72
2019-03-18,1606.37
2019-03-19,1613.71
2019-03-20,1628.22
2019-03-21,1631.3
2019-03-22,1597.19
2019-03-26,1607.03
2019-03-27,1572.68
2019-03-28,1569.91
2019-03-29,1587.74
2019-04-01,1581.9
2019-04-02,1579.51
2019-04-03,1590.64
2019-04-04,1590.15
2019-04-05,1599.83
2019-04-08,1616.35
2019-04-09,1621.4
2019-04-10,1625.21
2019-04-11,1611.6
2019-04-12,1604.97
2019-04-15,1572.75
2019-04-16,1581.43
2019-04-17,1574.31
2019-04-22,1591.18
2019-04-23,1595.02
2019-04-24,1600.17
2019-04-25,1599.81
2019-04-26,1597.75
2019-04-29,1590.38
2019-04-30,1573.64
2019-05-02,1562.02
2019-05-03,1555.38
2019-05-06,1549.16
2019-05-07,1535.26
2019-05-08,1539.31
2019-05-09,1542.57
2019-05-10,1550.38
2019-05-13,1515.81
2019-05-14,1509.11
2019-05-15,1501.55
2019-05-16,1503.06
2019-05-17,1500.05
2019-05-20,1482.74
2019-05-21,1493.41
2019-05-22,1489.43
2019-05-23,1472.15
2019-05-24,1489.41
2019-05-27,1480.01
2019-05-28,1463.38
2019-05-29,1481.72
2019-05-30,1487.06
2019-05-31,1487
2019-06-04,1497.35
2019-06-05,1483.42
2019-06-06,1489.99
2019-06-07,1509.82
2019-06-10,1499.16
2019-06-11,1519.97
2019-06-12,1513.16
2019-06-13,1521.69
2019-06-14,1526.36
2019-06-17,1518.29
2019-06-18,1537.81
2019-06-19,1546.24
2019-06-20,1554.67
2019-06-21,1560.19
2019-06-25,1557.86
2019-06-26,1549.72
2019-06-27,1547.69
2019-06-28,1548.98
2019-07-02,1543.76
2019-07-03,1563.72
2019-07-04,1565.96
2019-07-05,1579.19
2019-07-08,1581.08
2019-07-09,1588.9
2019-07-10,1600.91
2019-07-11,1600.5
2019-07-12,1605.15
2019-07-15,1605.01
2019-07-16,1619.62
2019-07-17,1607.23
2019-07-18,1586.96
2019-07-19,1600.39
2019-07-22,1594.44
2019-07-23,1602.15
2019-07-24,1592.71
2019-07-25,1595.47
2019-07-26,1580.56
2019-07-29,1585.26
2019-07-30,1568.06
2019-07-31,1562.13
2019-08-01,1537.58
2019-08-02,1543.38
2019-08-05,1503
2019-08-06,1512.83
2019-08-08,1545.44
2019-08-09,1537.8
2019-08-12,1531.2
2019-08-13,1554.59
2019-08-15,1524.19
2019-08-16,1542.81
2019-08-20,1548.46
2019-08-21,1541.56
2019-08-22,1526.96
2019-08-23,1505.29
2019-08-26,1519.08
2019-08-27,1531.51
2019-08-28,1536.69
2019-08-29,1542.36
2019-08-30,1559.52
2019-09-02,1560.81
2019-09-03,1561.49
2019-09-04,1565.89
2019-09-05,1567.35
2019-09-06,1567.53
2019-09-09,1576.75
2019-09-10,1572.81
2019-09-11,1585.72
2019-09-12,1587.66
2019-09-13,1580.6
2019-09-16,1600.63
2019-09-17,1597.94
2019-09-18,1597.36
2019-09-19,1594.1
2019-09-20,1594.22
2019-09-23,1597.15
2019-09-24,1591.09
2019-09-25,1596.35
2019-09-26,1601.43
2019-09-27,1584.99
2019-09-30,1577.96
2019-10-01,1582.42
2019-10-02,1574.83
2019-10-03,1588.62
2019-10-04,1593.05
2019-10-07,1596.94
2019-10-08,1589.89
2019-10-09,1589.31
2019-10-10,1583.44
2019-10-11,1590.86
2019-10-15,1578.89
2019-10-16,1579.51
2019-10-17,1578.63
2019-10-18,1578.61
2019-10-21,1597.56
2019-10-22,1613.42
2019-10-23,1613.32
2019-10-24,1616.05
2019-10-25,1628.55
2019-10-28,1622
2019-10-29,1633.28
2019-10-30,1633.92
2019-10-31,1633.15
2019-11-01,1645.88
2019-11-05,1665.69
2019-11-06,1657.15
2019-11-07,1655.73
2019-11-08,1636.23
2019-11-12,1632.02
2019-11-13,1624.26
2019-11-14,1613.9
2019-11-15,1627.25
2019-12-09,1605.35
2019-12-10,1602.94
2019-12-11,1605.32
2019-12-12,1618.56
2019-12-13,1630.8
2019-12-16,1632
2019-12-17,1625.01
2019-12-18,1635.73
2019-12-19,1646.72
2019-12-20,1642.86
2019-12-23,1665.04
2019-12-24,1666.62
2019-12-26,1659.89
2019-12-27,1661.21
2019-12-30,1662.42
2020-01-02,1658.77
2020-01-03,1676.49
2020-01-07,1663.83
2020-01-08,1656.96
2020-01-09,1653.54
2020-01-10,1654.93
2020-01-13,1651.93
2020-01-14,1653.18
2020-01-15,1648.78
2020-01-16,1647.8
2020-01-17,1656.04
2020-01-20,1656.37
2020-01-21,1653.48
2020-01-22,1650.36
2020-01-23,1648.18
2020-01-24,1647.91
2020-01-27,1623.97
2020-01-28,1624.66
2020-01-29,1633.81
2020-01-30,1638.15
2020-01-31,1623.83
2020-02-03,1625.18
2020-02-04,1643.92
2020-02-05,1656.3
2020-02-06,1653.96
2020-02-07,1654.7
2020-02-10,1643.17
2020-02-11,1645.22
2020-02-12,1659.54
2020-02-13,1663.07
2020-02-14,1664.4
2020-02-17,1665.39
2020-02-18,1665.36
2020-02-19,1676.29
2020-02-20,1669.6
2020-02-21,1631.45
2020-02-24,1622.66
2020-02-25,1612.48
2020-02-26,1589.74
2020-02-27,1556.69
2020-02-28,1549.61
2020-03-02,1536.48
2020-03-03,1512.61
2020-03-04,1544.53
2020-03-05,1546.66
2020-03-06,1502.84
2020-03-09,1344.6
2020-03-10,1360.21
2020-03-11,1295.46
2020-03-12,1174.31
2020-03-13,1174.31
2020-03-16,997.78
2020-03-17,1000.5
2020-03-18,894.03
2020-03-19,899.75
2020-03-20,919.59
2020-03-24,923.53
2020-03-25,1046.18
2020-03-26,1167.04
2020-03-27,1147.54
2020-03-30,1129.18
2020-03-31,1123.85
2020-04-01,1063.03
2020-04-02,1114.43
2020-04-03,1127.55
2020-04-06,1160.12
2020-04-07,1163.43
2020-04-08,1187.13
2020-04-13,1193.98
2020-04-14,1211.06
2020-04-15,1204.01
2020-04-16,1202.54
2020-04-17,1192.08
2020-04-20,1179.6
2020-04-21,1131.29
2020-04-22,1132.78
2020-04-23,1151.78
2020-04-24,1122.37
2020-04-27,1116.17
2020-04-28,1145.34
2020-04-29,1145.89
2020-04-30,1142.04
2020-05-04,1105.43
2020-05-05,1099.28
2020-05-06,1090.43
2020-05-07,1113.37
2020-05-08,1110.26
2020-05-11,1104.09
2020-05-12,1089.29
2020-05-13,1055.27
2020-05-14,1052.23
2020-05-15,1053.75
2020-05-18,1082.96
2020-05-19,1067.65
2020-05-20,1072.29
2020-05-21,1066.11
2020-05-22,1057.66
2020-05-26,1072.78
2020-05-27,1088.42
2020-05-28,1085.55
2020-05-29,1095.84
2020-06-01,1117.02
2020-06-02,1117.69
2020-06-03,1158.05
2020-06-04,1163.84
2020-06-05,1203.07
2020-06-08,1228.24
2020-06-09,1209.99
2020-06-10,1177.99
2020-06-11,1121.55
2020-06-12,1143.13
2020-06-16,1154.63
2020-06-17,1139.3
2020-06-18,1139
2020-06-19,1161.41
2020-06-23,1143.28
2020-06-24,1125.48
2020-06-25,1125.03
2020-06-26,1110.65
2020-06-30,1111.8
2020-07-01,1109.91
2020-07-02,1118.97
2020-07-03,1125.26
2020-07-06,1129.47
2020-07-07,1131.84
2020-07-08,1153.54
2020-07-09,1143.1
2020-07-10,1147.78
2020-07-13,1145.16
2020-07-14,1144.53
2020-07-15,1144.85
2020-07-16,1153.15
2020-07-17,1156.16
2020-07-21,1166.61
2020-07-22,1168.52
2020-07-23,1181.78
2020-07-24,1173.93
2020-07-27,1180.73
2020-07-28,1170.99
2020-07-29,1174.91
2020-07-30,1164.66
2020-07-31,1134.34
2020-08-03,1133.1
2020-08-04,1128.41
2020-08-05,1135.63
2020-08-06,1142.18
2020-08-10,1143.5
2020-08-11,1134.41
2020-08-12,1141.78
2020-08-13,1149.97
2020-08-14,1153.28
2020-08-18,1168.46
2020-08-19,1161.72
2020-08-20,1174.12
2020-08-21,1186.29
2020-08-24,1205.18
2020-08-25,1230.56
2020-08-26,1227.31
2020-08-27,1225.22
2020-08-28,1226.21
2020-08-31,1216.03
2020-09-01,1255.76
2020-09-02,1258.16
2020-09-03,1246.82
2020-09-04,1240.24
2020-09-07,1242.98
2020-09-08,1232.34
2020-09-09,1239.93
2020-09-10,1219.67
2020-09-11,1212.45
2020-09-14,1199.65
2020-09-15,1193.71
2020-09-16,1195.95
2020-09-17,1192.53
2020-09-18,1206.55
2020-09-21,1197.55
2020-09-22,1187.73
2020-09-23,1179.38
2020-09-24,1180.49
2020-09-25,1171.35
2020-09-28,1176.66
2020-09-29,1165.75
2020-09-30,1171.92
2020-10-01,1162.36
2020-10-02,1165.01
2020-10-05,1168.04
2020-10-06,1168.93
2020-10-07,1174.49
2020-10-08,1186.42
2020-10-09,1190.01
2020-10-13,1170.72
2020-10-14,1171.36
2020-10-15,1166.01
2020-10-16,1171.8
2020-10-19,1174.94
2020-10-20,1187.39
2020-10-21,1177.92
2020-10-22,1177.89
2020-10-23,1175.33
2020-10-26,1177.09
2020-10-27,1162.58
2020-10-28,1120.37
2020-10-29,1131.27
2020-10-30,1136.75
2020-11-03,1151.37
2020-11-04,1156.41
2020-11-05,1163.03
2020-11-06,1172.34
2020-11-09,1213.69
2020-11-10,1213.39
2020-11-11,1220.06
2020-11-12,1207.21
2020-11-13,1209.87
2020-11-17,1230.73
2020-11-18,1234.56
2020-11-19,1230.81
2020-11-20,1239.74
2020-11-23,1247.94
2020-11-24,1270.61
2020-11-25,1263.65
2020-11-26,1263.04
2020-11-27,1261.74
2020-11-30,1258
2020-12-01,1285.12
2020-12-02,1288.49
2020-12-03,1298.13
2020-12-04,1341.23
2020-12-07,1363.74
2020-12-09,1383.59
2020-12-10,1368.49
2020-12-11,1377.67
2020-12-14,1389.31
2020-12-15,1408.02
2020-12-16,1421.47
2020-12-17,1443.59
2020-12-18,1426.47
2020-12-21,1377.38
2020-12-22,1400.91
2020-12-23,1416.62
2020-12-24,1422.21
2020-12-28,1431.05
2020-12-29,1450.72
2020-12-30,1437.89
2021-01-04,1418.01
2021-01-05,1431.73
2021-01-06,1436.03
2021-01-07,1435.74
2021-01-08,1453.12
2021-01-12,1461.73
2021-01-13,1456.03
2021-01-14,1467.12
2021-01-15,1452.58
2021-01-18,1454.5
2021-01-19,1459.41
2021-01-20,1459.85
2021-01-21,1446.23
2021-01-22,1418.98
2021-01-25,1397.65
2021-01-26,1402.25
2021-01-27,1374.85
2021-01-28,1367.2
2021-01-29,1348.12
2021-02-01,1357.16
2021-02-02,1368.3
2021-02-03,1359.03
2021-02-04,1359.63
2021-02-05,1370.46
2021-02-08,1383.38
2021-02-09,1380.29
2021-02-10,1374.2
2021-02-11,1367.79
2021-02-12,1365.95
2021-02-15,1369.39
2021-02-16,1363.17
2021-02-17,1366.29
2021-02-18,1353.68
2021-02-19,1352.57
2021-02-22,1352.21
2021-02-23,1355.24
2021-02-24,1370.75
2021-02-25,1335.79
2021-02-26,1359.48
2021-03-01,1355.7
2021-03-02,1350.04
2021-03-03,1347.22
2021-03-04,1337.12
2021-03-05,1344.72
2021-03-08,1336.98
2021-03-09,1341.73
2021-03-10,1347.47
2021-03-11,1350.35
2021-03-12,1353.68
2021-03-15,1356.98
2021-03-16,1350.14
2021-03-17,1343.56
2021-03-18,1325.59
2021-03-19,1324.54
2021-03-23,1319.82
2021-03-24,1325.33
2021-03-25,1320.11
2021-03-26,1314.46
2021-03-29,1320.83
2021-03-30,1327.32
2021-03-31,1316.81
2021-04-05,1323.97
2021-04-06,1324.35
2021-04-07,1335.89
2021-04-08,1325.93
2021-04-09,1322.11
2021-04-12,1317.76
2021-04-13,1312.55
2021-04-14,1320.96
2021-04-15,1321.8
2021-04-16,1317.08
2021-04-19,1312.62
2021-04-20,1311.39
2021-04-21,1305.14
2021-04-22,1296.07
2021-04-23,1282.21
2021-04-26,1286.57
2021-04-27,1293.15
2021-04-28,1286.16
2021-04-29,1278
2021-04-30,1250.65
2021-05-03,1216.62
2021-05-04,1217.67
2021-05-05,1240.04
2021-05-06,1266.56
2021-05-07,1281.93
2021-05-10,1311.73
2021-05-11,1292.14
2021-05-12,1285.33
2021-05-13,1262.29
2021-05-14,1289.75
2021-05-18,1268.14
2021-05-19,1265.64
2021-05-20,1254.62
2021-05-21,1244.08
2021-05-24,1227.68
2021-05-25,1203.8
2021-05-26,1190.78
2021-05-27,1182.18
2021-05-28,1206.63
2021-05-31,1200.9
2021-06-01,1223.18
2021-06-02,1247.98
2021-06-03,1258.26
2021-06-04,1245.44
2021-06-08,1258.64
2021-06-09,1255.31
2021-06-10,1260.21
2021-06-11,1261.61
2021-06-15,1252.27
2021-06-16,1250.78
2021-06-17,1248.79
2021-06-18,1257.29
2021-06-21,1246.44
2021-06-22,1242.7
2021-06-23,1246.96
2021-06-24,1278.81
2021-06-25,1284.2
2021-06-28,1270.88
2021-06-29,1257
2021-06-30,1248.83
2021-07-01,1260.42
2021-07-02,1289.38
2021-07-06,1272.05
2021-07-07,1286.43
2021-07-08,1284.04
2021-07-09,1293.02
2021-07-12,1298.44
2021-07-13,1293.76
2021-07-14,1284.44
2021-07-15,1273.21
2021-07-16,1272.49
2021-07-19,1238.12
2021-07-21,1250.71
2021-07-22,1251.87
2021-07-23,1254.24
2021-07-26,1256.31
2021-07-27,1249.61
2021-07-28,1243.13
2021-07-29,1245.86
2021-07-30,1236.73
2021-08-02,1236.03
2021-08-03,1235.53
2021-08-04,1240.84
2021-08-05,1227.35
2021-08-06,1226.59
2021-08-09,1229.44
2021-08-10,1236.31
2021-08-11,1246.69
2021-08-12,1258.53
2021-08-13,1268.79
2021-08-17,1301.69
2021-08-18,1325.93
2021-08-19,1329.67
2021-08-20,1326.91
2021-08-23,1334.48
2021-08-24,1328.29
2021-08-25,1329.79
2021-08-26,1313.99
2021-08-27,1325.51
2021-08-30,1322.57
2021-08-31,1319.96
2021-09-01,1321.27
2021-09-02,1331.9
2021-09-03,1327.47
2021-09-06,1327.09
2021-09-07,1320.98
2021-09-08,1320.39
2021-09-09,1322.78
2021-09-10,1320.52
2021-09-13,1312.43
2021-09-14,1310.22
2021-09-15,1322.14
2021-09-16,1323.37
2021-09-17,1321.85
2021-09-20,1306.62
2021-09-21,1301.46
2021-09-22,1310.25
2021-09-23,1312.22
2021-09-24,1309.38
2021-09-27,1345.4
2021-09-28,1350.53
2021-09-29,1360.41
2021-09-30,1361.95
2021-10-01,1370.25
2021-10-04,1381.76
2021-10-05,1383.22
2021-10-06,1381.86
2021-10-07,1393.5
2021-10-08,1401
2021-10-11,1406.25
2021-10-12,1386.45
2021-10-13,1394.22
2021-10-14,1416.68
2021-10-15,1426.2
2021-10-19,1416.49
2021-10-20,1414.1
2021-10-21,1410.2
2021-10-22,1399.64
2021-10-25,1402.04
2021-10-26,1413.32
2021-10-27,1404.09
2021-10-28,1407.92
2021-10-29,1394.04
2021-11-02,1390.5
2021-11-03,1404.52
2021-11-04,1392.19
2021-11-05,1388.56
2021-11-08,1394.23
2021-11-09,1384.59
2021-11-10,1365.65
2021-11-11,1365.84
2021-11-12,1356.48
2021-11-16,1333.47
2021-11-17,1330.57
2021-11-18,1337.52
2021-11-19,1298.64
2021-11-22,1312.18
2021-11-23,1316.43
2021-11-24,1330.18
2021-11-25,1338.85
2021-11-26,1318.31
2021-11-29,1347.45
2021-11-30,1373.84
2021-12-01,1418.24
2021-12-02,1431.29
2021-12-03,1431.94
2021-12-06,1430.66
2021-12-07,1409.94
2021-12-09,1399.15
2021-12-10,1389.16
2021-12-13,1353.91
2021-12-14,1358.8
2021-12-15,1375.2
2021-12-16,1407.88
2021-12-17,1395
2021-12-20,1380.89
2021-12-21,1378.82
2021-12-22,1394.49
2021-12-23,1395.46
2021-12-24,1401.66
2021-12-27,1404.62
2021-12-28,1408.2
2021-12-29,1415.79
2021-12-30,1410.97
2022-01-03,1415.06
2022-01-04,1423.88
2022-01-05,1402.4
2022-01-06,1381.74
2022-01-07,1394.22
2022-01-11,1422.57
2022-01-12,1450.75
2022-01-13,1466.67
2022-01-14,1431.84
2022-01-17,1522.21
2022-01-18,1585.23
2022-01-19,1582.84
2022-01-20,1547.47
2022-01-21,1523.56
2022-01-24,1522.12
2022-01-25,1527.48
2022-01-26,1522.26
2022-01-27,1520.63
2022-01-28,1529.85
2022-01-31,1536.92
2022-02-01,1538.02
2022-02-02,1529.53
2022-02-03,1516.27
2022-02-04,1522.41
2022-02-07,1533.51
2022-02-08,1523.73
2022-02-09,1508.71
2022-02-10,1475.28
2022-02-11,1492.8
2022-02-14,1480.77
2022-02-15,1487.19
2022-02-16,1502.69
2022-02-17,1503
2022-02-18,1493.88
2022-02-21,1495.04
2022-02-22,1492.49
2022-02-23,1509.88
2022-02-24,1509.55
2022-02-25,1516.24
2022-02-28,1527.75
2022-03-01,1538.57
2022-03-02,1530.3
2022-03-03,1534.45
2022-03-04,1542.13
2022-03-07,1538.27
2022-03-08,1535.28
2022-03-09,1537.52
2022-03-10,1543.26
2022-03-11,1548.46
2022-03-14,1517.85
2022-03-15,1522.19
2022-03-16,1528.12
2022-03-17,1542.97
2022-03-18,1539.7
2022-03-22,1555.86
2022-03-23,1587.4
2022-03-24,1593.5
2022-03-25,1606.88
2022-03-28,1598.58
2022-03-29,1599.18
2022-03-30,1601.35
2022-03-31,1616.08
2022-04-01,1626.89
2022-04-04,1618.39
2022-04-05,1633.95
2022-04-06,1626.1
2022-04-07,1628.85
2022-04-08,1625.53
2022-04-11,1630.89
2022-04-12,1626.17
2022-04-13,1615.12
2022-04-18,1603.8
2022-04-19,1603.6
2022-04-20,1635.71
2022-04-21,1616.87
2022-04-22,1614.75
2022-04-25,1576.06
2022-04-26,1575.37
2022-04-27,1586.26
2022-04-28,1592.99
2022-04-29,1562.46
2022-05-02,1582.67
2022-05-03,1593.36
2022-05-04,1613.72
2022-05-05,1581.65
2022-05-06,1556.15
2022-05-09,1511.39
2022-05-10,1511.73
2022-05-11,1509
2022-05-12,1505.8
2022-05-13,1512.12
2022-05-16,1517.19
2022-05-17,1506.32
2022-05-18,1465.19
2022-05-19,1411.11
2022-05-20,1459.25
2022-05-23,1482.8
2022-05-24,1482.77
2022-05-25,1491.48
2022-05-26,1508.62
2022-05-27,1532.31
2022-05-31,1603.23
2022-06-01,1604.54
2022-06-02,1610.21
2022-06-03,1614.09
2022-06-06,1608.21
2022-06-07,1587.07
2022-06-08,1560.76
2022-06-09,1526.79
2022-06-10,1530.73
2022-06-13,1484.58
2022-06-14,1501.18
2022-06-15,1463.55
2022-06-16,1473.19
2022-06-17,1454.02
2022-06-21,1398.42
2022-06-22,1372.2
2022-06-23,1338.83
2022-06-24,1365.96
2022-06-28,1381.09
2022-06-29,1346.88
2022-06-30,1322.88
2022-07-01,1357.98
2022-07-05,1333.69
2022-07-06,1336.49
2022-07-07,1350.26
2022-07-08,1354.92
2022-07-11,1344.65
2022-07-12,1347.88
2022-07-13,1319.29
2022-07-14,1272.51
2022-07-15,1274.19
2022-07-18,1281.71
2022-07-19,1303.01
2022-07-21,1291.55
2022-07-22,1259.8
2022-07-25,1289.89
2022-07-26,1294.82
2022-07-27,1300.17
2022-07-28,1320.2
2022-07-29,1295.96
2022-08-01,1272.1
2022-08-02,1281.28
2022-08-03,1279.2
2022-08-04,1281.45
2022-08-05,1300.09
2022-08-08,1333.07
2022-08-09,1322.08
2022-08-10,1314.08
2022-08-11,1324.48
2022-08-12,1330.82
2022-08-16,1321.38
2022-08-17,1323.22
2022-08-18,1324.12
2022-08-19,1307.78
2022-08-22,1293.27
2022-08-23,1289.54
2022-08-24,1291.98
2022-08-25,1304.36
2022-08-26,1298.84
2022-08-29,1289.86
2022-08-30,1270.29
2022-08-31,1228.33
2022-09-01,1224
2022-09-02,1232.91
2022-09-05,1236.74
2022-09-06,1227.08
2022-09-07,1210.3
2022-09-08,1202.96
2022-09-09,1222.51
2022-09-12,1235.54
2022-09-13,1228.09
2022-09-14,1218.76
2022-09-15,1213.7
2022-09-16,1209.58
2022-09-19,1205.45
2022-09-20,1194.83
2022-09-21,1197.75
2022-09-22,1201.61
2022-09-23,1157.27
2022-09-26,1112.84
2022-09-27,1123.81
2022-09-28,1130.35
2022-09-29,1135.78
2022-09-30,1128.24
2022-10-03,1145.38
2022-10-04,1197.44
2022-10-05,1215.36
2022-10-06,1218.15
2022-10-07,1209.1
2022-10-10,1198.83
2022-10-11,1180.9
2022-10-12,1176.64
2022-10-13,1177.65
2022-10-14,1168.32
2022-10-18,1188.74
2022-10-19,1197.4
2022-10-20,1222.63
2022-10-21,1231.64
2022-10-24,1195.68
2022-10-25,1209.12
2022-10-26,1202
2022-10-27,1211.76
2022-10-28,1219.69
2022-10-31,1231.52
2022-11-01,1254.39
2022-11-02,1245.1
2022-11-03,1215.51
2022-11-04,1244.24
2022-11-08,1252.67
2022-11-09,1249.55
2022-11-10,1278.26
2022-11-11,1266.56
2022-11-15,1285.29
2022-11-16,1279
2022-11-17,1295.81
2022-11-18,1282.68
2022-11-21,1231.54
2022-11-22,1255.82
2022-11-23,1266
2022-11-24,1267.93
2022-11-25,1266.25
2022-11-28,1240.99
2022-11-29,1248.36
2022-11-30,1242.63
2022-12-01,1235.45
2022-12-02,1240.93
2022-12-05,1217.68
2022-12-06,1236.59
2022-12-07,1229.65
2022-12-09,1236.18
2022-12-12,1226.87
2022-12-13,1229.69
2022-12-14,1230.37
2022-12-15,1222.46
2022-12-16,1211.59
2022-12-19,1215.44
2022-12-20,1227.62
2022-12-21,1249.84
2022-12-22,1227.57
2022-12-23,1252.68
2022-12-26,1247.56
2022-12-27,1260.55
2022-12-28,1266.52
2022-12-29,1286.07
2023-01-02,1283.87
2023-01-03,1269.56
2023-01-04,1291.8
2023-01-05,1318.74
2023-01-06,1326.74
2023-01-10,1334.69
2023-01-11,1342.91
2023-01-12,1336.65
2023-01-13,1337.44
2023-01-16,1335.15
2023-01-17,1333.86
2023-01-18,1337.89
2023-01-19,1332.5
2023-01-20,1337.4
2023-01-23,1331.77
2023-01-24,1310.5
2023-01-25,1301.28
2023-01-26,1301.9
2023-01-27,1285.89
2023-01-30,1280.22
2023-01-31,1290.11
2023-02-01,1268.48
2023-02-02,1260.1
2023-02-03,1263.25
2023-02-06,1268.49
2023-02-07,1270.09
2023-02-08,1264.1
2023-02-09,1245.63
2023-02-10,1245.65
2023-02-13,1240.18
2023-02-14,1222.74
2023-02-15,1219.44
2023-02-16,1226.34
2023-02-17,1209.86
2023-02-20,1210.92
2023-02-21,1198.14
2023-02-22,1187.55
2023-02-23,1192.24
2023-02-24,1193.54
2023-02-27,1206.22
2023-02-28,1187.56
2023-03-01,1198.89
2023-03-02,1189.09
2023-03-03,1214.55
2023-03-06,1235.67
2023-03-07,1236.75
2023-03-08,1241.44
2023-03-09,1210.68
2023-03-10,1187.27
2023-03-13,1154.07
2023-03-14,1156.17
2023-03-15,1111.75
2023-03-16,1118.43
2023-03-17,1110.39
2023-03-21,1129.63
2023-03-22,1121.24
2023-03-23,1115.54
2023-03-24,1106.24
2023-03-27,1118.2
2023-03-28,1117.41
2023-03-29,1119.62
2023-03-30,1146.36
2023-03-31,1157.59
2023-04-03,1183.2
2023-04-04,1178.51
2023-04-05,1193.57
2023-04-10,1200.34
2023-04-11,1221.42
2023-04-12,1232.2
2023-04-13,1240.27
2023-04-14,1253.29
2023-04-17,1257.24
2023-04-18,1255.16
2023-04-19,1247.97
2023-04-20,1244.77
2023-04-21,1215.94
2023-04-24,1225.26
2023-04-25,1197.65
2023-04-26,1185.6
2023-04-27,1167.51
2023-04-28,1198.81
2023-05-02,1157.99
2023-05-03,1158.68
2023-05-04,1158.6
2023-05-05,1164.18
2023-05-08,1157.44
2023-05-09,1159.53
2023-05-10,1160.15
2023-05-11,1143.42
2023-05-12,1159.12
2023-05-15,1148.13
2023-05-16,1137.65
2023-05-17,1134.23
2023-05-18,1136.76
2023-05-19,1123.9
2023-05-23,1122.65
2023-05-24,1110.71
2023-05-25,1098.6
2023-05-26,1100.97
2023-05-29,1101.47
2023-05-30,1092.64
2023-05-31,1099.03
2023-06-01,1117.93
2023-06-02,1147.97
2023-06-05,1151.72
2023-06-06,1193.83
2023-06-07,1199.68
2023-06-08,1190.76
2023-06-09,1183.97
2023-06-13,1185.36
2023-06-14,1178.28
2023-06-15,1178.54
2023-06-16,1173.9
2023-06-20,1161.07
2023-06-21,1151.83
2023-06-22,1141.67
2023-06-23,1133.54
2023-06-26,1138.45
2023-06-27,1129.51
2023-06-28,1127.37
2023-06-29,1130.93
2023-06-30,1133.6
2023-07-04,1134.27
2023-07-05,1121.71
2023-07-06,1115.02
2023-07-07,1133.11
2023-07-10,1130.84
2023-07-11,1147.86
2023-07-12,1162.39
2023-07-13,1173.36
2023-07-14,1164.2
2023-07-17,1160.14
2023-07-18,1169.79
2023-07-19,1173.75
2023-07-21,1172.85
2023-07-24,1172.41
2023-07-25,1171.24
2023-07-26,1164.32
2023-07-27,1166.84
2023-07-28,1161.83
2023-07-31,1174.7
2023-08-01,1178.85
2023-08-02,1160.9
2023-08-03,1173.89
2023-08-04,1170.23
2023-08-08,1173.4
2023-08-09,1166.07
2023-08-10,1152.82
2023-08-11,1147.5
2023-08-14,1145.53
2023-08-15,1130.14
2023-08-16,1143.55
2023-08-17,1134.99
2023-08-18,1132.66
2023-08-22,1115.74
2023-08-23,1099.55
2023-08-24,1101.11
2023-08-25,1101.64
2023-08-28,1104.31
2023-08-29,1111.25
2023-08-30,1114.86
2023-08-31,1076.12
2023-09-01,1084.71
2023-09-04,1077.55
2023-09-05,1051.18
2023-09-06,1046.7
2023-09-07,1063.29
2023-09-08,1069.14
2023-09-11,1062.97
2023-09-12,1083.7
2023-09-13,1077.85
2023-09-14,1082.66
2023-09-15,1098.66
2023-09-18,1096.78
2023-09-19,1107.07
2023-09-20,1107.85
2023-09-21,1096.3
2023-09-22,1091.2
2023-09-25,1097.57
2023-09-26,1082.55
2023-09-27,1107.59
2023-09-28,1117.7
2023-09-29,1121.64
2023-10-02,1112.09
2023-10-03,1102.46
2023-10-04,1104.3
2023-10-05,1092.4
2023-10-06,1101.97
2023-10-09,1118.25
2023-10-10,1114.76
2023-10-11,1114.2
2023-10-12,1112.09
2023-10-13,1116.29
2023-10-17,1119.19
2023-10-18,1134.48
2023-10-19,1125.6
2023-10-20,1117.42
2023-10-23,1108.63
2023-10-24,1105.76
2023-10-25,1104.19
2023-10-26,1083.95
2023-10-27,1093.84
2023-10-30,1088.69
2023-10-31,1088.15
2023-11-01,1088.39
2023-11-02,1097.53
2023-11-03,1098.75
2023-11-07,1093.71
2023-11-08,1098.62
2023-11-09,1104.44
2023-11-10,1102.93
2023-11-14,1107.45
2023-11-15,1110.09
2023-11-16,1108.56
2023-11-17,1125.22
2023-11-20,1125.16
2023-11-21,1128.61
2023-11-22,1131.96
2023-11-23,1127.81
2023-11-24,1135.46
2023-11-27,1127.74
2023-11-28,1127.81
2023-11-29,1138.69
2023-11-30,1146.87
2023-12-01,1151.79
2023-12-04,1156.33
2023-12-05,1150.1
2023-12-06,1134.17
2023-12-07,1145.28
2023-12-11,1141.41
2023-12-12,1149.28
2023-12-13,1165.85
2023-12-14,1174.7
2023-12-15,1162.58
2023-12-18,1163.33
2023-12-19,1169.27
2023-12-20,1162.66
2023-12-21,1166.07
2023-12-22,1170.34
2023-12-26,1183.84
2023-12-27,1188.17
2023-12-28,1195.2
2024-01-02,1222.5
2024-01-03,1228.7
2024-01-04,1262.99
2024-01-05,1294.78
2024-01-09,1294.43
2024-01-10,1288.77
2024-01-11,1283.25
2024-01-12,1290.78
2024-01-15,1297.33
2024-01-16,1292.93
2024-01-17,1283.84
2024-01-18,1276.13
2024-01-19,1274.5
2024-01-22,1271.1
2024-01-23,1263.15
2024-01-24,1261.11
2024-01-25,1268.91
2024-01-26,1282.43
2024-01-29,1279.81
2024-01-30,1280.17
2024-01-31,1276.55
2024-02-01,1277.65
2024-02-02,1277.77
2024-02-05,1272.44
2024-02-06,1276.77
2024-02-07,1279.26
2024-02-08,1261.1
2024-02-09,1248.23
2024-02-12,1248.18
2024-02-13,1235.86
2024-02-14,1237.18
2024-02-15,1246.31
2024-02-16,1256.97
2024-02-19,1220.31
2024-02-20,1245.54
2024-02-21,1268.74
2024-02-22,1279.09
2024-02-23,1290.31
2024-02-26,1291.39
2024-02-27,1286.55
2024-02-28,1285.47
2024-02-29,1274.08
2024-03-01,1286.46
2024-03-04,1288.59
2024-03-05,1300.86
2024-03-06,1307.11
2024-03-07,1313.51
2024-03-08,1298.97
2024-03-11,1298.29
2024-03-12,1278.65
2024-03-13,1284.15
2024-03-14,1283.19
2024-03-15,1285.1
2024-03-18,1307.14
2024-03-19,1306.76
2024-03-20,1308.77
2024-03-21,1321.6
2024-03-22,1329.48
2024-03-26,1318.11
2024-03-27,1332.98
2024-04-01,1355.14
2024-04-02,1372.71
2024-04-03,1383.91
2024-04-04,1407.95
2024-04-05,1388.27
2024-04-08,1386.8
2024-04-09,1408.58
2024-04-10,1398.05
2024-04-11,1415.24
2024-04-12,1390.74
2024-04-15,1380.21
2024-04-16,1368.26
2024-04-17,1350.12
2024-04-18,1321.06
2024-04-19,1332.13
2024-04-22,1344.21
2024-04-23,1347.93
2024-04-24,1343.34
2024-04-25,1349.93
2024-04-26,1366.61
2024-04-29,1381.01
2024-04-30,1357.31
2024-05-02,1378.74
2024-05-03,1385.56
2024-05-06,1379.9
2024-05-07,1380.64
2024-05-08,1384.15
2024-05-09,1387.12
2024-05-10,1390.38
2024-05-14,1402.76
2024-05-15,1406.35
2024-05-16,1417.48
2024-05-17,1429.18
2024-05-20,1441.68
2024-05-21,1440.78
2024-05-22,1409.28
2024-05-23,1406.39
2024-05-24,1407.76
2024-05-27,1413.7
2024-05-28,1408.6
2024-05-29,1394.39
2024-05-30,1403.79
2024-05-31,1401.08
2024-06-04,1404.04
2024-06-05,1406.47
2024-06-06,1410.53
2024-06-07,1411.99
2024-06-11,1388.12
2024-06-12,1380.74
2024-06-13,1386.12
2024-06-14,1378.09
2024-06-17,1378.59
2024-06-18,1389.58
2024-06-19,1380.56
2024-06-20,1376.01
2024-06-21,1365.34
2024-06-24,1386.8
2024-06-25,1367.94
2024-06-26,1368.9
2024-06-27,1376.64
2024-06-28,1380.9
2024-07-02,1383.61
2024-07-03,1381.43
2024-07-04,1384.76
2024-07-05,1383.57
2024-07-08,1383.05
2024-07-09,1373.15
2024-07-10,1365.92
2024-07-11,1376.34
2024-07-12,1374.06
2024-07-15,1374.77
2024-07-16,1373.74
2024-07-17,1366.24
2024-07-18,1364.48
2024-07-19,1367.69
2024-07-22,1366.66
2024-07-23,1360.59
2024-07-24,1354.4
2024-07-25,1353.66
2024-07-26,1345.63
2024-07-29,1340.69
2024-07-30,1335.31
2024-07-31,1345.7
2024-08-01,1341.77
2024-08-02,1316.87
2024-08-05,1294.56
2024-08-06,1296.79
2024-08-08,1299.24
2024-08-09,1310.45
2024-08-12,1330.28
2024-08-13,1343.87
2024-08-14,1350.68
2024-08-15,1360
2024-08-16,1361.01
2024-08-20,1345.35
2024-08-21,1347.33
2024-08-22,1334.96
2024-08-23,1331.01
2024-08-26,1343.93
2024-08-27,1341.19
2024-08-28,1343.04
2024-08-29,1335.32
2024-08-30,1362.28
2024-09-02,1355.13
2024-09-03,1347.82
2024-09-04,1336.16
2024-09-05,1341.65
2024-09-06,1328.47
2024-09-09,1321.67
2024-09-10,1313.66
2024-09-11,1309.92
2024-09-12,1320.28
2024-09-13,1311.68
2024-09-16,1317.98
2024-09-17,1313.35
2024-09-18,1307.24
2024-09-19,1320.58
2024-09-20,1320.84
2024-09-23,1322.17
2024-09-24,1334.9
2024-09-25,1321.19
2024-09-26,1331.64
2024-09-27,1320.81
2024-09-30,1307.59
2024-10-01,1307.14
2024-10-02,1301.36
2024-10-03,1303.27
2024-10-04,1303.86
2024-10-07,1309.35
2024-10-08,1300.01
2024-10-09,1301.41
2024-10-10,1310.13
2024-10-11,1326.48
2024-10-15,1328.87
2024-10-16,1337.26
2024-10-17,1346.29
2024-10-18,1362.07
2024-10-21,1356.34
2024-10-22,1344.26
2024-10-23,1321.55
2024-10-24,1337.6
2024-10-25,1334.49
2024-10-28,1339.48
2024-10-29,1339.4
2024-10-30,1356.41
2024-10-31,1358.46
2024-11-01,1352.8
2024-11-05,1359.65
2024-11-06,1364.37
2024-11-07,1359.04
2024-11-08,1335.33
2024-11-12,1345.38
2024-11-13,1337.79
2024-11-14,1347.68
2024-11-15,1346.11
2024-11-18,1362.37
2024-11-19,1370.03
2024-11-20,1386.24
2024-11-21,1388.22
2024-11-22,1391.95
2024-11-25,1398.53
2024-11-26,1391.2
2024-11-27,1397.49
2024-11-28,1397.58
2024-11-29,1392.13
2024-12-02,1398.62
2024-12-03,1391.54
2024-12-04,1383.75
2024-12-05,1394.57
2024-12-06,1377.04
2024-12-09,1379.45
2024-12-10,1383.99
2024-12-11,1383.41
2024-12-12,1385.09
2024-12-13,1380.07
2024-12-16,1370.59
2024-12-17,1367.66
2024-12-18,1360.4
2024-12-19,1373.29
2024-12-20,1368.21
2024-12-23,1389.23
2024-12-24,1383.76
2024-12-26,1386.59
2024-12-27,1381.93
2024-12-30,1379.58
2025-01-02,1399.58
2025-01-03,1396.23
2025-01-07,1419.1
2025-01-08,1409.54
2025-01-09,1407.35
2025-01-10,1404.94
2025-01-13,1406.76
2025-01-14,1398.71
2025-01-15,1397.58
2025-01-16,1394.44
2025-01-17,1391.22
2025-01-20,1387.59
2025-01-21,1392.19
2025-01-22,1381.9
2025-01-23,1397.33
2025-01-24,1415.45
2025-01-27,1432.41
2025-01-28,1474
2025-01-29,1509.82
2025-01-30,1543.02
2025-01-31,1521.74
2025-02-03,1504.83
2025-02-04,1523.08
2025-02-05,1510.21
2025-02-06,1525.14
2025-02-07,1515.99
2025-02-10,1525.64
2025-02-11,1534.93
2025-02-12,1531.33
2025-02-13,1535.55
2025-02-14,1548.81
2025-02-17,1567.89
2025-02-18,1576.63
2025-02-19,1599.95
2025-02-20,1634.61
2025-02-21,1630.62
2025-02-24,1651.39
2025-02-25,1648.85
2025-02-26,1646.13
2025-02-27,1627.96
2025-02-28,1607.57
2025-03-03,1575.61
2025-03-04,1564.52
2025-03-05,1589.02
2025-03-06,1603.01
2025-03-07,1610.5
2025-03-10,1581.93
2025-03-11,1578.49
2025-03-12,1600.54
2025-03-13,1592.12
2025-03-14,1620.36
2025-03-17,1634.64
2025-03-18,1623.35
2025-03-19,1616.99
2025-03-20,1607.79
2025-03-21,1608.85
2025-03-25,1634.99
2025-03-26,1598.67
2025-03-27,1599
2025-03-28,1603.63
2025-03-31,1602.92
2025-04-01,1625.55
2025-04-02,1653.5
2025-04-03,1657.4
2025-04-04,1620.49
2025-04-07,1609.66
2025-04-08,1552.71
2025-04-09,1601.6
2025-04-10,1546.98
2025-04-11,1561.52
2025-04-14,1582.31
2025-04-15,1603.83
2025-04-16,1626.73
2025-04-21,1619.72
2025-04-22,1631.26
2025-04-23,1642.84
2025-04-24,1634.48
2025-04-25,1641.69
2025-04-28,1618.19
2025-04-29,1620.8
2025-04-30,1636.51
2025-05-02,1641.99
2025-05-05,1642.08
2025-05-06,1648.51
2025-05-07,1641.08
2025-05-08,1655.15
2025-05-09,1645.4
2025-05-12,1655.26
2025-05-13,1699.93
2025-05-14,1678.16
2025-05-15,1666.85
